type,old_url,old_path,new_path,action,lastmod,implementation_status,notes
"pages","https://www.mirasisone.com/blog","/blog","/blog","keep-200","2026-06-06","pending",""
"pages","https://www.mirasisone.com/company","/company","/company","keep-200","2026-06-06","pending",""
"pages","https://www.mirasisone.com/privacy-policy","/privacy-policy","/privacy-policy","keep-200","2026-06-06","pending",""
"pages","https://www.mirasisone.com","/","/","keep-200","2026-06-06","pending",""
"pages","https://www.mirasisone.com/recruit","/recruit","/recruit","keep-200","2026-06-06","pending",""
"pages","https://www.mirasisone.com/works","/works","/works","keep-200","2026-06-06","pending",""
"pages","https://www.mirasisone.com/home","/home","/","301","2026-06-06","pending",""
"blog-post","https://www.mirasisone.com/post/店舗内プロジェクションマッピングとは？導入メリットと成功事例を紹介","/post/%E5%BA%97%E8%88%97%E5%86%85%E3%83%97%E3%83%AD%E3%82%B8%E3%82%A7%E3%82%AF%E3%82%B7%E3%83%A7%E3%83%B3%E3%83%9E%E3%83%83%E3%83%94%E3%83%B3%E3%82%B0%E3%81%A8%E3%81%AF%EF%BC%9F%E5%B0%8E%E5%85%A5%E3%83%A1%E3%83%AA%E3%83%83%E3%83%88%E3%81%A8%E6%88%90%E5%8A%9F%E4%BA%8B%E4%BE%8B%E3%82%92%E7%B4%B9%E4%BB%8B","/post/%E5%BA%97%E8%88%97%E5%86%85%E3%83%97%E3%83%AD%E3%82%B8%E3%82%A7%E3%82%AF%E3%82%B7%E3%83%A7%E3%83%B3%E3%83%9E%E3%83%83%E3%83%94%E3%83%B3%E3%82%B0%E3%81%A8%E3%81%AF%EF%BC%9F%E5%B0%8E%E5%85%A5%E3%83%A1%E3%83%AA%E3%83%83%E3%83%88%E3%81%A8%E6%88%90%E5%8A%9F%E4%BA%8B%E4%BE%8B%E3%82%92%E7%B4%B9%E4%BB%8B","keep-200","2025-10-20","pending",""
"blog-post","https://www.mirasisone.com/post/【nft鳴門美術館】日本発の画期的な技法とバーチャル映像が融合！mirasisoneが地域活性化を目指す特別展「アール・グラージュ特別展示会」でマッピングを披露しました","/post/%E3%80%90nft%E9%B3%B4%E9%96%80%E7%BE%8E%E8%A1%93%E9%A4%A8%E3%80%91%E6%97%A5%E6%9C%AC%E7%99%BA%E3%81%AE%E7%94%BB%E6%9C%9F%E7%9A%84%E3%81%AA%E6%8A%80%E6%B3%95%E3%81%A8%E3%83%90%E3%83%BC%E3%83%81%E3%83%A3%E3%83%AB%E6%98%A0%E5%83%8F%E3%81%8C%E8%9E%8D%E5%90%88%EF%BC%81mirasisone%E3%81%8C%E5%9C%B0%E5%9F%9F%E6%B4%BB%E6%80%A7%E5%8C%96%E3%82%92%E7%9B%AE%E6%8C%87%E3%81%99%E7%89%B9%E5%88%A5%E5%B1%95%E3%80%8C%E3%82%A2%E3%83%BC%E3%83%AB%E3%83%BB%E3%82%B0%E3%83%A9%E3%83%BC%E3%82%B8%E3%83%A5%E7%89%B9%E5%88%A5%E5%B1%95%E7%A4%BA%E4%BC%9A%E3%80%8D%E3%81%A7%E3%83%9E%E3%83%83%E3%83%94%E3%83%B3%E3%82%B0%E3%82%92%E6%8A%AB%E9%9C%B2%E3%81%97%E3%81%BE%E3%81%97%E3%81%9F","/post/%E3%80%90nft%E9%B3%B4%E9%96%80%E7%BE%8E%E8%A1%93%E9%A4%A8%E3%80%91%E6%97%A5%E6%9C%AC%E7%99%BA%E3%81%AE%E7%94%BB%E6%9C%9F%E7%9A%84%E3%81%AA%E6%8A%80%E6%B3%95%E3%81%A8%E3%83%90%E3%83%BC%E3%83%81%E3%83%A3%E3%83%AB%E6%98%A0%E5%83%8F%E3%81%8C%E8%9E%8D%E5%90%88%EF%BC%81mirasisone%E3%81%8C%E5%9C%B0%E5%9F%9F%E6%B4%BB%E6%80%A7%E5%8C%96%E3%82%92%E7%9B%AE%E6%8C%87%E3%81%99%E7%89%B9%E5%88%A5%E5%B1%95%E3%80%8C%E3%82%A2%E3%83%BC%E3%83%AB%E3%83%BB%E3%82%B0%E3%83%A9%E3%83%BC%E3%82%B8%E3%83%A5%E7%89%B9%E5%88%A5%E5%B1%95%E7%A4%BA%E4%BC%9A%E3%80%8D%E3%81%A7%E3%83%9E%E3%83%83%E3%83%94%E3%83%B3%E3%82%B0%E3%82%92%E6%8A%AB%E9%9C%B2%E3%81%97%E3%81%BE%E3%81%97%E3%81%9F","keep-200","2024-08-28","pending",""
"blog-post","https://www.mirasisone.com/post/焼肉レストランにプロジェクションマッピング導入！一日一組限定の個室が非現実空間に変化","/post/%E7%84%BC%E8%82%89%E3%83%AC%E3%82%B9%E3%83%88%E3%83%A9%E3%83%B3%E3%81%AB%E3%83%97%E3%83%AD%E3%82%B8%E3%82%A7%E3%82%AF%E3%82%B7%E3%83%A7%E3%83%B3%E3%83%9E%E3%83%83%E3%83%94%E3%83%B3%E3%82%B0%E5%B0%8E%E5%85%A5%EF%BC%81%E4%B8%80%E6%97%A5%E4%B8%80%E7%B5%84%E9%99%90%E5%AE%9A%E3%81%AE%E5%80%8B%E5%AE%A4%E3%81%8C%E9%9D%9E%E7%8F%BE%E5%AE%9F%E7%A9%BA%E9%96%93%E3%81%AB%E5%A4%89%E5%8C%96","/post/%E7%84%BC%E8%82%89%E3%83%AC%E3%82%B9%E3%83%88%E3%83%A9%E3%83%B3%E3%81%AB%E3%83%97%E3%83%AD%E3%82%B8%E3%82%A7%E3%82%AF%E3%82%B7%E3%83%A7%E3%83%B3%E3%83%9E%E3%83%83%E3%83%94%E3%83%B3%E3%82%B0%E5%B0%8E%E5%85%A5%EF%BC%81%E4%B8%80%E6%97%A5%E4%B8%80%E7%B5%84%E9%99%90%E5%AE%9A%E3%81%AE%E5%80%8B%E5%AE%A4%E3%81%8C%E9%9D%9E%E7%8F%BE%E5%AE%9F%E7%A9%BA%E9%96%93%E3%81%AB%E5%A4%89%E5%8C%96","keep-200","2025-08-30","pending",""
"blog-post","https://www.mirasisone.com/post/新宿シーシャバー-幻想的映像でアップグレード。プロジェクションマッピングが創る-体験空間","/post/%E6%96%B0%E5%AE%BF%E3%82%B7%E3%83%BC%E3%82%B7%E3%83%A3%E3%83%90%E3%83%BC-%E5%B9%BB%E6%83%B3%E7%9A%84%E6%98%A0%E5%83%8F%E3%81%A7%E3%82%A2%E3%83%83%E3%83%97%E3%82%B0%E3%83%AC%E3%83%BC%E3%83%89%E3%80%82%E3%83%97%E3%83%AD%E3%82%B8%E3%82%A7%E3%82%AF%E3%82%B7%E3%83%A7%E3%83%B3%E3%83%9E%E3%83%83%E3%83%94%E3%83%B3%E3%82%B0%E3%81%8C%E5%89%B5%E3%82%8B-%E4%BD%93%E9%A8%93%E7%A9%BA%E9%96%93","/post/%E6%96%B0%E5%AE%BF%E3%82%B7%E3%83%BC%E3%82%B7%E3%83%A3%E3%83%90%E3%83%BC-%E5%B9%BB%E6%83%B3%E7%9A%84%E6%98%A0%E5%83%8F%E3%81%A7%E3%82%A2%E3%83%83%E3%83%97%E3%82%B0%E3%83%AC%E3%83%BC%E3%83%89%E3%80%82%E3%83%97%E3%83%AD%E3%82%B8%E3%82%A7%E3%82%AF%E3%82%B7%E3%83%A7%E3%83%B3%E3%83%9E%E3%83%83%E3%83%94%E3%83%B3%E3%82%B0%E3%81%8C%E5%89%B5%E3%82%8B-%E4%BD%93%E9%A8%93%E7%A9%BA%E9%96%93","keep-200","2025-07-31","pending",""
"blog-post","https://www.mirasisone.com/post/projection-mapping-seisaku-cost","/post/projection-mapping-seisaku-cost","/post/projection-mapping-seisaku-cost","keep-200","2026-05-07","pending",""
"blog-post","https://www.mirasisone.com/post/sauna-japon-projection-mapping","/post/sauna-japon-projection-mapping","/post/sauna-japon-projection-mapping","keep-200","2025-12-15","pending",""
"blog-post","https://www.mirasisone.com/post/【映像あり】-空間が動き出す瞬間-プロジェクションマッピングで創る新しい体験","/post/%E3%80%90%E6%98%A0%E5%83%8F%E3%81%82%E3%82%8A%E3%80%91-%E7%A9%BA%E9%96%93%E3%81%8C%E5%8B%95%E3%81%8D%E5%87%BA%E3%81%99%E7%9E%AC%E9%96%93-%E3%83%97%E3%83%AD%E3%82%B8%E3%82%A7%E3%82%AF%E3%82%B7%E3%83%A7%E3%83%B3%E3%83%9E%E3%83%83%E3%83%94%E3%83%B3%E3%82%B0%E3%81%A7%E5%89%B5%E3%82%8B%E6%96%B0%E3%81%97%E3%81%84%E4%BD%93%E9%A8%93","/post/%E3%80%90%E6%98%A0%E5%83%8F%E3%81%82%E3%82%8A%E3%80%91-%E7%A9%BA%E9%96%93%E3%81%8C%E5%8B%95%E3%81%8D%E5%87%BA%E3%81%99%E7%9E%AC%E9%96%93-%E3%83%97%E3%83%AD%E3%82%B8%E3%82%A7%E3%82%AF%E3%82%B7%E3%83%A7%E3%83%B3%E3%83%9E%E3%83%83%E3%83%94%E3%83%B3%E3%82%B0%E3%81%A7%E5%89%B5%E3%82%8B%E6%96%B0%E3%81%97%E3%81%84%E4%BD%93%E9%A8%93","keep-200","2025-09-04","pending",""
"blog-post","https://www.mirasisone.com/post/美しさ-を可視化する-美容業界-映像制作の新提案。3dcgで広がる表現の可能性","/post/%E7%BE%8E%E3%81%97%E3%81%95-%E3%82%92%E5%8F%AF%E8%A6%96%E5%8C%96%E3%81%99%E3%82%8B-%E7%BE%8E%E5%AE%B9%E6%A5%AD%E7%95%8C-%E6%98%A0%E5%83%8F%E5%88%B6%E4%BD%9C%E3%81%AE%E6%96%B0%E6%8F%90%E6%A1%88%E3%80%823dcg%E3%81%A7%E5%BA%83%E3%81%8C%E3%82%8B%E8%A1%A8%E7%8F%BE%E3%81%AE%E5%8F%AF%E8%83%BD%E6%80%A7","/post/%E7%BE%8E%E3%81%97%E3%81%95-%E3%82%92%E5%8F%AF%E8%A6%96%E5%8C%96%E3%81%99%E3%82%8B-%E7%BE%8E%E5%AE%B9%E6%A5%AD%E7%95%8C-%E6%98%A0%E5%83%8F%E5%88%B6%E4%BD%9C%E3%81%AE%E6%96%B0%E6%8F%90%E6%A1%88%E3%80%823dcg%E3%81%A7%E5%BA%83%E3%81%8C%E3%82%8B%E8%A1%A8%E7%8F%BE%E3%81%AE%E5%8F%AF%E8%83%BD%E6%80%A7","keep-200","2025-05-15","pending",""
"blog-post","https://www.mirasisone.com/post/3dcg-video-production-guide","/post/3dcg-video-production-guide","/post/3dcg-video-production-guide","keep-200","2026-07-13","pending",""
"blog-post","https://www.mirasisone.com/post/マッピングとは？プロジェクションマッピングの仕組みを初心者向けに解説","/post/%E3%83%9E%E3%83%83%E3%83%94%E3%83%B3%E3%82%B0%E3%81%A8%E3%81%AF%EF%BC%9F%E3%83%97%E3%83%AD%E3%82%B8%E3%82%A7%E3%82%AF%E3%82%B7%E3%83%A7%E3%83%B3%E3%83%9E%E3%83%83%E3%83%94%E3%83%B3%E3%82%B0%E3%81%AE%E4%BB%95%E7%B5%84%E3%81%BF%E3%82%92%E5%88%9D%E5%BF%83%E8%80%85%E5%90%91%E3%81%91%E3%81%AB%E8%A7%A3%E8%AA%AC","/post/%E3%83%9E%E3%83%83%E3%83%94%E3%83%B3%E3%82%B0%E3%81%A8%E3%81%AF%EF%BC%9F%E3%83%97%E3%83%AD%E3%82%B8%E3%82%A7%E3%82%AF%E3%82%B7%E3%83%A7%E3%83%B3%E3%83%9E%E3%83%83%E3%83%94%E3%83%B3%E3%82%B0%E3%81%AE%E4%BB%95%E7%B5%84%E3%81%BF%E3%82%92%E5%88%9D%E5%BF%83%E8%80%85%E5%90%91%E3%81%91%E3%81%AB%E8%A7%A3%E8%AA%AC","keep-200","2026-07-30","pending",""
"blog-post","https://www.mirasisone.com/post/restaurant-projection-mapping-failure-guide","/post/restaurant-projection-mapping-failure-guide","/post/restaurant-projection-mapping-failure-guide","keep-200","2026-03-23","pending",""
"blog-post","https://www.mirasisone.com/post/projection-mapping-tokyo","/post/projection-mapping-tokyo","/post/projection-mapping-tokyo","keep-200","2026-05-11","pending",""
"blog-post","https://www.mirasisone.com/post/昼と夜で変わる、幻想の枯山水。京都パビリオン-プロジェクションマッピング体験","/post/%E6%98%BC%E3%81%A8%E5%A4%9C%E3%81%A7%E5%A4%89%E3%82%8F%E3%82%8B%E3%80%81%E5%B9%BB%E6%83%B3%E3%81%AE%E6%9E%AF%E5%B1%B1%E6%B0%B4%E3%80%82%E4%BA%AC%E9%83%BD%E3%83%91%E3%83%93%E3%83%AA%E3%82%AA%E3%83%B3-%E3%83%97%E3%83%AD%E3%82%B8%E3%82%A7%E3%82%AF%E3%82%B7%E3%83%A7%E3%83%B3%E3%83%9E%E3%83%83%E3%83%94%E3%83%B3%E3%82%B0%E4%BD%93%E9%A8%93","/post/%E6%98%BC%E3%81%A8%E5%A4%9C%E3%81%A7%E5%A4%89%E3%82%8F%E3%82%8B%E3%80%81%E5%B9%BB%E6%83%B3%E3%81%AE%E6%9E%AF%E5%B1%B1%E6%B0%B4%E3%80%82%E4%BA%AC%E9%83%BD%E3%83%91%E3%83%93%E3%83%AA%E3%82%AA%E3%83%B3-%E3%83%97%E3%83%AD%E3%82%B8%E3%82%A7%E3%82%AF%E3%82%B7%E3%83%A7%E3%83%B3%E3%83%9E%E3%83%83%E3%83%94%E3%83%B3%E3%82%B0%E4%BD%93%E9%A8%93","keep-200","2025-04-17","pending",""
"blog-post","https://www.mirasisone.com/post/【9月1日まで開催】すみだ水族館の夏イベント「cool-coool-cooool-」でプロジェクションマッピングを披露しました","/post/%E3%80%909%E6%9C%881%E6%97%A5%E3%81%BE%E3%81%A7%E9%96%8B%E5%82%AC%E3%80%91%E3%81%99%E3%81%BF%E3%81%A0%E6%B0%B4%E6%97%8F%E9%A4%A8%E3%81%AE%E5%A4%8F%E3%82%A4%E3%83%99%E3%83%B3%E3%83%88%E3%80%8Ccool-coool-cooool-%E3%80%8D%E3%81%A7%E3%83%97%E3%83%AD%E3%82%B8%E3%82%A7%E3%82%AF%E3%82%B7%E3%83%A7%E3%83%B3%E3%83%9E%E3%83%83%E3%83%94%E3%83%B3%E3%82%B0%E3%82%92%E6%8A%AB%E9%9C%B2%E3%81%97%E3%81%BE%E3%81%97%E3%81%9F","/post/%E3%80%909%E6%9C%881%E6%97%A5%E3%81%BE%E3%81%A7%E9%96%8B%E5%82%AC%E3%80%91%E3%81%99%E3%81%BF%E3%81%A0%E6%B0%B4%E6%97%8F%E9%A4%A8%E3%81%AE%E5%A4%8F%E3%82%A4%E3%83%99%E3%83%B3%E3%83%88%E3%80%8Ccool-coool-cooool-%E3%80%8D%E3%81%A7%E3%83%97%E3%83%AD%E3%82%B8%E3%82%A7%E3%82%AF%E3%82%B7%E3%83%A7%E3%83%B3%E3%83%9E%E3%83%83%E3%83%94%E3%83%B3%E3%82%B0%E3%82%92%E6%8A%AB%E9%9C%B2%E3%81%97%E3%81%BE%E3%81%97%E3%81%9F","keep-200","2025-07-15","pending",""
"blog-post","https://www.mirasisone.com/post/ai-human-creativity-film","/post/ai-human-creativity-film","/post/ai-human-creativity-film","keep-200","2025-12-01","pending",""
"blog-post","https://www.mirasisone.com/post/お洒落焼肉レストランの新常識。集客を生むプロジェクションマッピング演出","/post/%E3%81%8A%E6%B4%92%E8%90%BD%E7%84%BC%E8%82%89%E3%83%AC%E3%82%B9%E3%83%88%E3%83%A9%E3%83%B3%E3%81%AE%E6%96%B0%E5%B8%B8%E8%AD%98%E3%80%82%E9%9B%86%E5%AE%A2%E3%82%92%E7%94%9F%E3%82%80%E3%83%97%E3%83%AD%E3%82%B8%E3%82%A7%E3%82%AF%E3%82%B7%E3%83%A7%E3%83%B3%E3%83%9E%E3%83%83%E3%83%94%E3%83%B3%E3%82%B0%E6%BC%94%E5%87%BA","/post/%E3%81%8A%E6%B4%92%E8%90%BD%E7%84%BC%E8%82%89%E3%83%AC%E3%82%B9%E3%83%88%E3%83%A9%E3%83%B3%E3%81%AE%E6%96%B0%E5%B8%B8%E8%AD%98%E3%80%82%E9%9B%86%E5%AE%A2%E3%82%92%E7%94%9F%E3%82%80%E3%83%97%E3%83%AD%E3%82%B8%E3%82%A7%E3%82%AF%E3%82%B7%E3%83%A7%E3%83%B3%E3%83%9E%E3%83%83%E3%83%94%E3%83%B3%E3%82%B0%E6%BC%94%E5%87%BA","keep-200","2025-09-06","pending",""
"blog-post","https://www.mirasisone.com/post/飲食店から広告まで。プロジェクションマッピング、空間演出の可能性","/post/%E9%A3%B2%E9%A3%9F%E5%BA%97%E3%81%8B%E3%82%89%E5%BA%83%E5%91%8A%E3%81%BE%E3%81%A7%E3%80%82%E3%83%97%E3%83%AD%E3%82%B8%E3%82%A7%E3%82%AF%E3%82%B7%E3%83%A7%E3%83%B3%E3%83%9E%E3%83%83%E3%83%94%E3%83%B3%E3%82%B0%E3%80%81%E7%A9%BA%E9%96%93%E6%BC%94%E5%87%BA%E3%81%AE%E5%8F%AF%E8%83%BD%E6%80%A7","/post/%E9%A3%B2%E9%A3%9F%E5%BA%97%E3%81%8B%E3%82%89%E5%BA%83%E5%91%8A%E3%81%BE%E3%81%A7%E3%80%82%E3%83%97%E3%83%AD%E3%82%B8%E3%82%A7%E3%82%AF%E3%82%B7%E3%83%A7%E3%83%B3%E3%83%9E%E3%83%83%E3%83%94%E3%83%B3%E3%82%B0%E3%80%81%E7%A9%BA%E9%96%93%E6%BC%94%E5%87%BA%E3%81%AE%E5%8F%AF%E8%83%BD%E6%80%A7","keep-200","2025-10-16","pending",""
"blog-post","https://www.mirasisone.com/post/projection-mapping-guide-2026","/post/projection-mapping-guide-2026","/post/projection-mapping-guide-2026","keep-200","2026-03-18","pending",""
"blog-post","https://www.mirasisone.com/post/projection-mapping-tokyo-guide","/post/projection-mapping-tokyo-guide","/post/projection-mapping-tokyo-guide","keep-200","2026-06-08","pending",""
"blog-post","https://www.mirasisone.com/post/プロジェクションマッピングとは？初心者にもわかりやすく解説-仕組み・費用・活用事","/post/%E3%83%97%E3%83%AD%E3%82%B8%E3%82%A7%E3%82%AF%E3%82%B7%E3%83%A7%E3%83%B3%E3%83%9E%E3%83%83%E3%83%94%E3%83%B3%E3%82%B0%E3%81%A8%E3%81%AF%EF%BC%9F%E5%88%9D%E5%BF%83%E8%80%85%E3%81%AB%E3%82%82%E3%82%8F%E3%81%8B%E3%82%8A%E3%82%84%E3%81%99%E3%81%8F%E8%A7%A3%E8%AA%AC-%E4%BB%95%E7%B5%84%E3%81%BF%E3%83%BB%E8%B2%BB%E7%94%A8%E3%83%BB%E6%B4%BB%E7%94%A8%E4%BA%8B","/post/%E3%83%97%E3%83%AD%E3%82%B8%E3%82%A7%E3%82%AF%E3%82%B7%E3%83%A7%E3%83%B3%E3%83%9E%E3%83%83%E3%83%94%E3%83%B3%E3%82%B0%E3%81%A8%E3%81%AF%EF%BC%9F%E5%88%9D%E5%BF%83%E8%80%85%E3%81%AB%E3%82%82%E3%82%8F%E3%81%8B%E3%82%8A%E3%82%84%E3%81%99%E3%81%8F%E8%A7%A3%E8%AA%AC-%E4%BB%95%E7%B5%84%E3%81%BF%E3%83%BB%E8%B2%BB%E7%94%A8%E3%83%BB%E6%B4%BB%E7%94%A8%E4%BA%8B","keep-200","2025-08-09","pending",""
"blog-post","https://www.mirasisone.com/post/creator-recruit","/post/creator-recruit","/post/creator-recruit","keep-200","2026-02-04","pending",""
"blog-post","https://www.mirasisone.com/post/projection-mapping-seisaku-guide-1","/post/projection-mapping-seisaku-guide-1","/post/projection-mapping-seisaku-guide-1","keep-200","2026-06-19","pending",""
"blog-post","https://www.mirasisone.com/post/動くモノにも映像を。3dcgプロモで挑戦した新たな表現","/post/%E5%8B%95%E3%81%8F%E3%83%A2%E3%83%8E%E3%81%AB%E3%82%82%E6%98%A0%E5%83%8F%E3%82%92%E3%80%823dcg%E3%83%97%E3%83%AD%E3%83%A2%E3%81%A7%E6%8C%91%E6%88%A6%E3%81%97%E3%81%9F%E6%96%B0%E3%81%9F%E3%81%AA%E8%A1%A8%E7%8F%BE","/post/%E5%8B%95%E3%81%8F%E3%83%A2%E3%83%8E%E3%81%AB%E3%82%82%E6%98%A0%E5%83%8F%E3%82%92%E3%80%823dcg%E3%83%97%E3%83%AD%E3%83%A2%E3%81%A7%E6%8C%91%E6%88%A6%E3%81%97%E3%81%9F%E6%96%B0%E3%81%9F%E3%81%AA%E8%A1%A8%E7%8F%BE","keep-200","2025-05-08","pending",""
"blog-post","https://www.mirasisone.com/post/projection-mapping-trend-2026-05","/post/projection-mapping-trend-2026-05","/post/projection-mapping-trend-2026-05","keep-200","2026-05-21","pending",""
"blog-post","https://www.mirasisone.com/post/プロジェクションマッピングの導入事例と多業種での活用法-サウナ・水族館・美術展からホテルまで","/post/%E3%83%97%E3%83%AD%E3%82%B8%E3%82%A7%E3%82%AF%E3%82%B7%E3%83%A7%E3%83%B3%E3%83%9E%E3%83%83%E3%83%94%E3%83%B3%E3%82%B0%E3%81%AE%E5%B0%8E%E5%85%A5%E4%BA%8B%E4%BE%8B%E3%81%A8%E5%A4%9A%E6%A5%AD%E7%A8%AE%E3%81%A7%E3%81%AE%E6%B4%BB%E7%94%A8%E6%B3%95-%E3%82%B5%E3%82%A6%E3%83%8A%E3%83%BB%E6%B0%B4%E6%97%8F%E9%A4%A8%E3%83%BB%E7%BE%8E%E8%A1%93%E5%B1%95%E3%81%8B%E3%82%89%E3%83%9B%E3%83%86%E3%83%AB%E3%81%BE%E3%81%A7","/post/%E3%83%97%E3%83%AD%E3%82%B8%E3%82%A7%E3%82%AF%E3%82%B7%E3%83%A7%E3%83%B3%E3%83%9E%E3%83%83%E3%83%94%E3%83%B3%E3%82%B0%E3%81%AE%E5%B0%8E%E5%85%A5%E4%BA%8B%E4%BE%8B%E3%81%A8%E5%A4%9A%E6%A5%AD%E7%A8%AE%E3%81%A7%E3%81%AE%E6%B4%BB%E7%94%A8%E6%B3%95-%E3%82%B5%E3%82%A6%E3%83%8A%E3%83%BB%E6%B0%B4%E6%97%8F%E9%A4%A8%E3%83%BB%E7%BE%8E%E8%A1%93%E5%B1%95%E3%81%8B%E3%82%89%E3%83%9B%E3%83%86%E3%83%AB%E3%81%BE%E3%81%A7","keep-200","2025-09-15","pending",""
"blog-post","https://www.mirasisone.com/post/【10-1-火-open！】スナックの奥に佇む異世界空間の完全予約制のプライベートサウナ「サウナ-スナック-かなこ」が品川・青物横丁にオープン！","/post/%E3%80%9010-1-%E7%81%AB-open%EF%BC%81%E3%80%91%E3%82%B9%E3%83%8A%E3%83%83%E3%82%AF%E3%81%AE%E5%A5%A5%E3%81%AB%E4%BD%87%E3%82%80%E7%95%B0%E4%B8%96%E7%95%8C%E7%A9%BA%E9%96%93%E3%81%AE%E5%AE%8C%E5%85%A8%E4%BA%88%E7%B4%84%E5%88%B6%E3%81%AE%E3%83%97%E3%83%A9%E3%82%A4%E3%83%99%E3%83%BC%E3%83%88%E3%82%B5%E3%82%A6%E3%83%8A%E3%80%8C%E3%82%B5%E3%82%A6%E3%83%8A-%E3%82%B9%E3%83%8A%E3%83%83%E3%82%AF-%E3%81%8B%E3%81%AA%E3%81%93%E3%80%8D%E3%81%8C%E5%93%81%E5%B7%9D%E3%83%BB%E9%9D%92%E7%89%A9%E6%A8%AA%E4%B8%81%E3%81%AB%E3%82%AA%E3%83%BC%E3%83%97%E3%83%B3%EF%BC%81","/post/%E3%80%9010-1-%E7%81%AB-open%EF%BC%81%E3%80%91%E3%82%B9%E3%83%8A%E3%83%83%E3%82%AF%E3%81%AE%E5%A5%A5%E3%81%AB%E4%BD%87%E3%82%80%E7%95%B0%E4%B8%96%E7%95%8C%E7%A9%BA%E9%96%93%E3%81%AE%E5%AE%8C%E5%85%A8%E4%BA%88%E7%B4%84%E5%88%B6%E3%81%AE%E3%83%97%E3%83%A9%E3%82%A4%E3%83%99%E3%83%BC%E3%83%88%E3%82%B5%E3%82%A6%E3%83%8A%E3%80%8C%E3%82%B5%E3%82%A6%E3%83%8A-%E3%82%B9%E3%83%8A%E3%83%83%E3%82%AF-%E3%81%8B%E3%81%AA%E3%81%93%E3%80%8D%E3%81%8C%E5%93%81%E5%B7%9D%E3%83%BB%E9%9D%92%E7%89%A9%E6%A8%AA%E4%B8%81%E3%81%AB%E3%82%AA%E3%83%BC%E3%83%97%E3%83%B3%EF%BC%81","keep-200","2024-09-30","pending",""
"blog-post","https://www.mirasisone.com/post/店内の演出に-映像-という新しい選択肢-―-プロジェクションマッピング導入事例-赤坂レストラン","/post/%E5%BA%97%E5%86%85%E3%81%AE%E6%BC%94%E5%87%BA%E3%81%AB-%E6%98%A0%E5%83%8F-%E3%81%A8%E3%81%84%E3%81%86%E6%96%B0%E3%81%97%E3%81%84%E9%81%B8%E6%8A%9E%E8%82%A2-%E2%80%95-%E3%83%97%E3%83%AD%E3%82%B8%E3%82%A7%E3%82%AF%E3%82%B7%E3%83%A7%E3%83%B3%E3%83%9E%E3%83%83%E3%83%94%E3%83%B3%E3%82%B0%E5%B0%8E%E5%85%A5%E4%BA%8B%E4%BE%8B-%E8%B5%A4%E5%9D%82%E3%83%AC%E3%82%B9%E3%83%88%E3%83%A9%E3%83%B3","/post/%E5%BA%97%E5%86%85%E3%81%AE%E6%BC%94%E5%87%BA%E3%81%AB-%E6%98%A0%E5%83%8F-%E3%81%A8%E3%81%84%E3%81%86%E6%96%B0%E3%81%97%E3%81%84%E9%81%B8%E6%8A%9E%E8%82%A2-%E2%80%95-%E3%83%97%E3%83%AD%E3%82%B8%E3%82%A7%E3%82%AF%E3%82%B7%E3%83%A7%E3%83%B3%E3%83%9E%E3%83%83%E3%83%94%E3%83%B3%E3%82%B0%E5%B0%8E%E5%85%A5%E4%BA%8B%E4%BE%8B-%E8%B5%A4%E5%9D%82%E3%83%AC%E3%82%B9%E3%83%88%E3%83%A9%E3%83%B3","keep-200","2025-06-05","pending",""
"blog-post","https://www.mirasisone.com/post/projection-mapping-cost-guide","/post/projection-mapping-cost-guide","/post/projection-mapping-cost-guide","keep-200","2026-07-24","pending",""
"blog-post","https://www.mirasisone.com/post/ar-content-production-guide","/post/ar-content-production-guide","/post/ar-content-production-guide","keep-200","2026-07-27","pending",""
"blog-post","https://www.mirasisone.com/post/outdoor-projection-mapping-guide-2026","/post/outdoor-projection-mapping-guide-2026","/post/outdoor-projection-mapping-guide-2026","keep-200","2026-07-07","pending",""
"blog-post","https://www.mirasisone.com/post/projection-mapping-use-cases","/post/projection-mapping-use-cases","/post/projection-mapping-use-cases","keep-200","2026-03-23","pending",""
"blog-post","https://www.mirasisone.com/post/日本初！プロジェクションマッピングとシーシャの新体験が新宿・歌舞伎町「shisha-boutique-freaks」で味わえる！","/post/%E6%97%A5%E6%9C%AC%E5%88%9D%EF%BC%81%E3%83%97%E3%83%AD%E3%82%B8%E3%82%A7%E3%82%AF%E3%82%B7%E3%83%A7%E3%83%B3%E3%83%9E%E3%83%83%E3%83%94%E3%83%B3%E3%82%B0%E3%81%A8%E3%82%B7%E3%83%BC%E3%82%B7%E3%83%A3%E3%81%AE%E6%96%B0%E4%BD%93%E9%A8%93%E3%81%8C%E6%96%B0%E5%AE%BF%E3%83%BB%E6%AD%8C%E8%88%9E%E4%BC%8E%E7%94%BA%E3%80%8Cshisha-boutique-freaks%E3%80%8D%E3%81%A7%E5%91%B3%E3%82%8F%E3%81%88%E3%82%8B%EF%BC%81","/post/%E6%97%A5%E6%9C%AC%E5%88%9D%EF%BC%81%E3%83%97%E3%83%AD%E3%82%B8%E3%82%A7%E3%82%AF%E3%82%B7%E3%83%A7%E3%83%B3%E3%83%9E%E3%83%83%E3%83%94%E3%83%B3%E3%82%B0%E3%81%A8%E3%82%B7%E3%83%BC%E3%82%B7%E3%83%A3%E3%81%AE%E6%96%B0%E4%BD%93%E9%A8%93%E3%81%8C%E6%96%B0%E5%AE%BF%E3%83%BB%E6%AD%8C%E8%88%9E%E4%BC%8E%E7%94%BA%E3%80%8Cshisha-boutique-freaks%E3%80%8D%E3%81%A7%E5%91%B3%E3%82%8F%E3%81%88%E3%82%8B%EF%BC%81","keep-200","2024-09-18","pending",""
"blog-post","https://www.mirasisone.com/post/店内が一瞬で変わる魔法-イマーシブコンテンツ-で新しい集客のカタチを。お客様が思わずsnsでシェアしたくなる、mirasisoneが提供する店舗特化型プロジェクションマッピング「ストアマッピング」とは","/post/%E5%BA%97%E5%86%85%E3%81%8C%E4%B8%80%E7%9E%AC%E3%81%A7%E5%A4%89%E3%82%8F%E3%82%8B%E9%AD%94%E6%B3%95-%E3%82%A4%E3%83%9E%E3%83%BC%E3%82%B7%E3%83%96%E3%82%B3%E3%83%B3%E3%83%86%E3%83%B3%E3%83%84-%E3%81%A7%E6%96%B0%E3%81%97%E3%81%84%E9%9B%86%E5%AE%A2%E3%81%AE%E3%82%AB%E3%82%BF%E3%83%81%E3%82%92%E3%80%82%E3%81%8A%E5%AE%A2%E6%A7%98%E3%81%8C%E6%80%9D%E3%82%8F%E3%81%9Asns%E3%81%A7%E3%82%B7%E3%82%A7%E3%82%A2%E3%81%97%E3%81%9F%E3%81%8F%E3%81%AA%E3%82%8B%E3%80%81mirasisone%E3%81%8C%E6%8F%90%E4%BE%9B%E3%81%99%E3%82%8B%E5%BA%97%E8%88%97%E7%89%B9%E5%8C%96%E5%9E%8B%E3%83%97%E3%83%AD%E3%82%B8%E3%82%A7%E3%82%AF%E3%82%B7%E3%83%A7%E3%83%B3%E3%83%9E%E3%83%83%E3%83%94%E3%83%B3%E3%82%B0%E3%80%8C%E3%82%B9%E3%83%88%E3%82%A2%E3%83%9E%E3%83%83%E3%83%94%E3%83%B3%E3%82%B0%E3%80%8D%E3%81%A8%E3%81%AF","/post/%E5%BA%97%E5%86%85%E3%81%8C%E4%B8%80%E7%9E%AC%E3%81%A7%E5%A4%89%E3%82%8F%E3%82%8B%E9%AD%94%E6%B3%95-%E3%82%A4%E3%83%9E%E3%83%BC%E3%82%B7%E3%83%96%E3%82%B3%E3%83%B3%E3%83%86%E3%83%B3%E3%83%84-%E3%81%A7%E6%96%B0%E3%81%97%E3%81%84%E9%9B%86%E5%AE%A2%E3%81%AE%E3%82%AB%E3%82%BF%E3%83%81%E3%82%92%E3%80%82%E3%81%8A%E5%AE%A2%E6%A7%98%E3%81%8C%E6%80%9D%E3%82%8F%E3%81%9Asns%E3%81%A7%E3%82%B7%E3%82%A7%E3%82%A2%E3%81%97%E3%81%9F%E3%81%8F%E3%81%AA%E3%82%8B%E3%80%81mirasisone%E3%81%8C%E6%8F%90%E4%BE%9B%E3%81%99%E3%82%8B%E5%BA%97%E8%88%97%E7%89%B9%E5%8C%96%E5%9E%8B%E3%83%97%E3%83%AD%E3%82%B8%E3%82%A7%E3%82%AF%E3%82%B7%E3%83%A7%E3%83%B3%E3%83%9E%E3%83%83%E3%83%94%E3%83%B3%E3%82%B0%E3%80%8C%E3%82%B9%E3%83%88%E3%82%A2%E3%83%9E%E3%83%83%E3%83%94%E3%83%B3%E3%82%B0%E3%80%8D%E3%81%A8%E3%81%AF","keep-200","2024-10-15","pending",""
"blog-post","https://www.mirasisone.com/post/indoor-projection-mapping-guide","/post/indoor-projection-mapping-guide","/post/indoor-projection-mapping-guide","keep-200","2026-07-01","pending",""
"blog-post","https://www.mirasisone.com/post/projection-mapping-cafe-guide","/post/projection-mapping-cafe-guide","/post/projection-mapping-cafe-guide","keep-200","2026-07-20","pending",""
"blog-post","https://www.mirasisone.com/post/3dcg-promotion-video","/post/3dcg-promotion-video","/post/3dcg-promotion-video","keep-200","2026-02-10","pending",""
"blog-post","https://www.mirasisone.com/post/【プロジェクションマッピング】アートが動く！？mirasisoneから選ばれたプロジェクションマッピングチーム「magic-the-light-マジック-ザ-ライト-」が手がける-アートマッピング-と","/post/%E3%80%90%E3%83%97%E3%83%AD%E3%82%B8%E3%82%A7%E3%82%AF%E3%82%B7%E3%83%A7%E3%83%B3%E3%83%9E%E3%83%83%E3%83%94%E3%83%B3%E3%82%B0%E3%80%91%E3%82%A2%E3%83%BC%E3%83%88%E3%81%8C%E5%8B%95%E3%81%8F%EF%BC%81%EF%BC%9Fmirasisone%E3%81%8B%E3%82%89%E9%81%B8%E3%81%B0%E3%82%8C%E3%81%9F%E3%83%97%E3%83%AD%E3%82%B8%E3%82%A7%E3%82%AF%E3%82%B7%E3%83%A7%E3%83%B3%E3%83%9E%E3%83%83%E3%83%94%E3%83%B3%E3%82%B0%E3%83%81%E3%83%BC%E3%83%A0%E3%80%8Cmagic-the-light-%E3%83%9E%E3%82%B8%E3%83%83%E3%82%AF-%E3%82%B6-%E3%83%A9%E3%82%A4%E3%83%88-%E3%80%8D%E3%81%8C%E6%89%8B%E3%81%8C%E3%81%91%E3%82%8B-%E3%82%A2%E3%83%BC%E3%83%88%E3%83%9E%E3%83%83%E3%83%94%E3%83%B3%E3%82%B0-%E3%81%A8","/post/%E3%80%90%E3%83%97%E3%83%AD%E3%82%B8%E3%82%A7%E3%82%AF%E3%82%B7%E3%83%A7%E3%83%B3%E3%83%9E%E3%83%83%E3%83%94%E3%83%B3%E3%82%B0%E3%80%91%E3%82%A2%E3%83%BC%E3%83%88%E3%81%8C%E5%8B%95%E3%81%8F%EF%BC%81%EF%BC%9Fmirasisone%E3%81%8B%E3%82%89%E9%81%B8%E3%81%B0%E3%82%8C%E3%81%9F%E3%83%97%E3%83%AD%E3%82%B8%E3%82%A7%E3%82%AF%E3%82%B7%E3%83%A7%E3%83%B3%E3%83%9E%E3%83%83%E3%83%94%E3%83%B3%E3%82%B0%E3%83%81%E3%83%BC%E3%83%A0%E3%80%8Cmagic-the-light-%E3%83%9E%E3%82%B8%E3%83%83%E3%82%AF-%E3%82%B6-%E3%83%A9%E3%82%A4%E3%83%88-%E3%80%8D%E3%81%8C%E6%89%8B%E3%81%8C%E3%81%91%E3%82%8B-%E3%82%A2%E3%83%BC%E3%83%88%E3%83%9E%E3%83%83%E3%83%94%E3%83%B3%E3%82%B0-%E3%81%A8","keep-200","2024-09-21","pending",""
"blog-post","https://www.mirasisone.com/post/restaurant-projection-mapping-guide","/post/restaurant-projection-mapping-guide","/post/restaurant-projection-mapping-guide","keep-200","2026-05-25","pending",""
"blog-post","https://www.mirasisone.com/post/映像制作会社の選び方-世界基準の演出を実現するために確認すべき5つの条件","/post/%E6%98%A0%E5%83%8F%E5%88%B6%E4%BD%9C%E4%BC%9A%E7%A4%BE%E3%81%AE%E9%81%B8%E3%81%B3%E6%96%B9-%E4%B8%96%E7%95%8C%E5%9F%BA%E6%BA%96%E3%81%AE%E6%BC%94%E5%87%BA%E3%82%92%E5%AE%9F%E7%8F%BE%E3%81%99%E3%82%8B%E3%81%9F%E3%82%81%E3%81%AB%E7%A2%BA%E8%AA%8D%E3%81%99%E3%81%B9%E3%81%8D5%E3%81%A4%E3%81%AE%E6%9D%A1%E4%BB%B6","/post/%E6%98%A0%E5%83%8F%E5%88%B6%E4%BD%9C%E4%BC%9A%E7%A4%BE%E3%81%AE%E9%81%B8%E3%81%B3%E6%96%B9-%E4%B8%96%E7%95%8C%E5%9F%BA%E6%BA%96%E3%81%AE%E6%BC%94%E5%87%BA%E3%82%92%E5%AE%9F%E7%8F%BE%E3%81%99%E3%82%8B%E3%81%9F%E3%82%81%E3%81%AB%E7%A2%BA%E8%AA%8D%E3%81%99%E3%81%B9%E3%81%8D5%E3%81%A4%E3%81%AE%E6%9D%A1%E4%BB%B6","keep-200","2026-07-10","pending",""
"blog-post","https://www.mirasisone.com/post/株式会社mirasisone：ホームページリニューアルのお知らせ","/post/%E6%A0%AA%E5%BC%8F%E4%BC%9A%E7%A4%BEmirasisone%EF%BC%9A%E3%83%9B%E3%83%BC%E3%83%A0%E3%83%9A%E3%83%BC%E3%82%B8%E3%83%AA%E3%83%8B%E3%83%A5%E3%83%BC%E3%82%A2%E3%83%AB%E3%81%AE%E3%81%8A%E7%9F%A5%E3%82%89%E3%81%9B","/post/%E6%A0%AA%E5%BC%8F%E4%BC%9A%E7%A4%BEmirasisone%EF%BC%9A%E3%83%9B%E3%83%BC%E3%83%A0%E3%83%9A%E3%83%BC%E3%82%B8%E3%83%AA%E3%83%8B%E3%83%A5%E3%83%BC%E3%82%A2%E3%83%AB%E3%81%AE%E3%81%8A%E7%9F%A5%E3%82%89%E3%81%9B","keep-200","2025-07-15","pending",""
"blog-post","https://www.mirasisone.com/post/光で味わう伝統-日本酒が生まれる場所に、体験を。","/post/%E5%85%89%E3%81%A7%E5%91%B3%E3%82%8F%E3%81%86%E4%BC%9D%E7%B5%B1-%E6%97%A5%E6%9C%AC%E9%85%92%E3%81%8C%E7%94%9F%E3%81%BE%E3%82%8C%E3%82%8B%E5%A0%B4%E6%89%80%E3%81%AB%E3%80%81%E4%BD%93%E9%A8%93%E3%82%92%E3%80%82","/post/%E5%85%89%E3%81%A7%E5%91%B3%E3%82%8F%E3%81%86%E4%BC%9D%E7%B5%B1-%E6%97%A5%E6%9C%AC%E9%85%92%E3%81%8C%E7%94%9F%E3%81%BE%E3%82%8C%E3%82%8B%E5%A0%B4%E6%89%80%E3%81%AB%E3%80%81%E4%BD%93%E9%A8%93%E3%82%92%E3%80%82","keep-200","2025-10-27","pending",""
"blog-post","https://www.mirasisone.com/post/2025年最新！プロジェクションマッピング＆3dcg映像で創る、魅せる新しい体験","/post/2025%E5%B9%B4%E6%9C%80%E6%96%B0%EF%BC%81%E3%83%97%E3%83%AD%E3%82%B8%E3%82%A7%E3%82%AF%E3%82%B7%E3%83%A7%E3%83%B3%E3%83%9E%E3%83%83%E3%83%94%E3%83%B3%E3%82%B0%EF%BC%863dcg%E6%98%A0%E5%83%8F%E3%81%A7%E5%89%B5%E3%82%8B%E3%80%81%E9%AD%85%E3%81%9B%E3%82%8B%E6%96%B0%E3%81%97%E3%81%84%E4%BD%93%E9%A8%93","/post/2025%E5%B9%B4%E6%9C%80%E6%96%B0%EF%BC%81%E3%83%97%E3%83%AD%E3%82%B8%E3%82%A7%E3%82%AF%E3%82%B7%E3%83%A7%E3%83%B3%E3%83%9E%E3%83%83%E3%83%94%E3%83%B3%E3%82%B0%EF%BC%863dcg%E6%98%A0%E5%83%8F%E3%81%A7%E5%89%B5%E3%82%8B%E3%80%81%E9%AD%85%E3%81%9B%E3%82%8B%E6%96%B0%E3%81%97%E3%81%84%E4%BD%93%E9%A8%93","keep-200","2025-09-22","pending",""
"blog-post","https://www.mirasisone.com/post/「プロジェクションマッピングってこんな場所でも？スナックの奥に広がる異世界サウナ空間」","/post/%E3%80%8C%E3%83%97%E3%83%AD%E3%82%B8%E3%82%A7%E3%82%AF%E3%82%B7%E3%83%A7%E3%83%B3%E3%83%9E%E3%83%83%E3%83%94%E3%83%B3%E3%82%B0%E3%81%A3%E3%81%A6%E3%81%93%E3%82%93%E3%81%AA%E5%A0%B4%E6%89%80%E3%81%A7%E3%82%82%EF%BC%9F%E3%82%B9%E3%83%8A%E3%83%83%E3%82%AF%E3%81%AE%E5%A5%A5%E3%81%AB%E5%BA%83%E3%81%8C%E3%82%8B%E7%95%B0%E4%B8%96%E7%95%8C%E3%82%B5%E3%82%A6%E3%83%8A%E7%A9%BA%E9%96%93%E3%80%8D","/post/%E3%80%8C%E3%83%97%E3%83%AD%E3%82%B8%E3%82%A7%E3%82%AF%E3%82%B7%E3%83%A7%E3%83%B3%E3%83%9E%E3%83%83%E3%83%94%E3%83%B3%E3%82%B0%E3%81%A3%E3%81%A6%E3%81%93%E3%82%93%E3%81%AA%E5%A0%B4%E6%89%80%E3%81%A7%E3%82%82%EF%BC%9F%E3%82%B9%E3%83%8A%E3%83%83%E3%82%AF%E3%81%AE%E5%A5%A5%E3%81%AB%E5%BA%83%E3%81%8C%E3%82%8B%E7%95%B0%E4%B8%96%E7%95%8C%E3%82%B5%E3%82%A6%E3%83%8A%E7%A9%BA%E9%96%93%E3%80%8D","keep-200","2025-05-22","pending",""
"blog-post","https://www.mirasisone.com/post/experience-design-visual-2026","/post/experience-design-visual-2026","/post/experience-design-visual-2026","keep-200","2026-01-19","pending",""
"blog-post","https://www.mirasisone.com/post/飲食空間を-記憶に残る体験-へ。プロジェクションマッピングで差をつける方法","/post/%E9%A3%B2%E9%A3%9F%E7%A9%BA%E9%96%93%E3%82%92-%E8%A8%98%E6%86%B6%E3%81%AB%E6%AE%8B%E3%82%8B%E4%BD%93%E9%A8%93-%E3%81%B8%E3%80%82%E3%83%97%E3%83%AD%E3%82%B8%E3%82%A7%E3%82%AF%E3%82%B7%E3%83%A7%E3%83%B3%E3%83%9E%E3%83%83%E3%83%94%E3%83%B3%E3%82%B0%E3%81%A7%E5%B7%AE%E3%82%92%E3%81%A4%E3%81%91%E3%82%8B%E6%96%B9%E6%B3%95","/post/%E9%A3%B2%E9%A3%9F%E7%A9%BA%E9%96%93%E3%82%92-%E8%A8%98%E6%86%B6%E3%81%AB%E6%AE%8B%E3%82%8B%E4%BD%93%E9%A8%93-%E3%81%B8%E3%80%82%E3%83%97%E3%83%AD%E3%82%B8%E3%82%A7%E3%82%AF%E3%82%B7%E3%83%A7%E3%83%B3%E3%83%9E%E3%83%83%E3%83%94%E3%83%B3%E3%82%B0%E3%81%A7%E5%B7%AE%E3%82%92%E3%81%A4%E3%81%91%E3%82%8B%E6%96%B9%E6%B3%95","keep-200","2025-06-19","pending",""
"blog-post","https://www.mirasisone.com/post/facility-lighting-flow","/post/facility-lighting-flow","/post/facility-lighting-flow","keep-200","2025-11-17","pending",""
"blog-post","https://www.mirasisone.com/post/projectionmapping-partner-technical-direction","/post/projectionmapping-partner-technical-direction","/post/projectionmapping-partner-technical-direction","keep-200","2026-02-24","pending",""
"blog-post","https://www.mirasisone.com/post/【大阪万博】プロジェクションマッピングで-未来の食文化-を演出-ナレーション制作も担当","/post/%E3%80%90%E5%A4%A7%E9%98%AA%E4%B8%87%E5%8D%9A%E3%80%91%E3%83%97%E3%83%AD%E3%82%B8%E3%82%A7%E3%82%AF%E3%82%B7%E3%83%A7%E3%83%B3%E3%83%9E%E3%83%83%E3%83%94%E3%83%B3%E3%82%B0%E3%81%A7-%E6%9C%AA%E6%9D%A5%E3%81%AE%E9%A3%9F%E6%96%87%E5%8C%96-%E3%82%92%E6%BC%94%E5%87%BA-%E3%83%8A%E3%83%AC%E3%83%BC%E3%82%B7%E3%83%A7%E3%83%B3%E5%88%B6%E4%BD%9C%E3%82%82%E6%8B%85%E5%BD%93","/post/%E3%80%90%E5%A4%A7%E9%98%AA%E4%B8%87%E5%8D%9A%E3%80%91%E3%83%97%E3%83%AD%E3%82%B8%E3%82%A7%E3%82%AF%E3%82%B7%E3%83%A7%E3%83%B3%E3%83%9E%E3%83%83%E3%83%94%E3%83%B3%E3%82%B0%E3%81%A7-%E6%9C%AA%E6%9D%A5%E3%81%AE%E9%A3%9F%E6%96%87%E5%8C%96-%E3%82%92%E6%BC%94%E5%87%BA-%E3%83%8A%E3%83%AC%E3%83%BC%E3%82%B7%E3%83%A7%E3%83%B3%E5%88%B6%E4%BD%9C%E3%82%82%E6%8B%85%E5%BD%93","keep-200","2025-07-18","pending",""
"blog-post","https://www.mirasisone.com/post/プロジェクションマッピング事業で高い評価を受けてきたmirasisone-ミラシスワン-が、初のドバイ進出！日本食レストランで日本とドバイの文化を融合したイマーシブ空間映像を制作。","/post/%E3%83%97%E3%83%AD%E3%82%B8%E3%82%A7%E3%82%AF%E3%82%B7%E3%83%A7%E3%83%B3%E3%83%9E%E3%83%83%E3%83%94%E3%83%B3%E3%82%B0%E4%BA%8B%E6%A5%AD%E3%81%A7%E9%AB%98%E3%81%84%E8%A9%95%E4%BE%A1%E3%82%92%E5%8F%97%E3%81%91%E3%81%A6%E3%81%8D%E3%81%9Fmirasisone-%E3%83%9F%E3%83%A9%E3%82%B7%E3%82%B9%E3%83%AF%E3%83%B3-%E3%81%8C%E3%80%81%E5%88%9D%E3%81%AE%E3%83%89%E3%83%90%E3%82%A4%E9%80%B2%E5%87%BA%EF%BC%81%E6%97%A5%E6%9C%AC%E9%A3%9F%E3%83%AC%E3%82%B9%E3%83%88%E3%83%A9%E3%83%B3%E3%81%A7%E6%97%A5%E6%9C%AC%E3%81%A8%E3%83%89%E3%83%90%E3%82%A4%E3%81%AE%E6%96%87%E5%8C%96%E3%82%92%E8%9E%8D%E5%90%88%E3%81%97%E3%81%9F%E3%82%A4%E3%83%9E%E3%83%BC%E3%82%B7%E3%83%96%E7%A9%BA%E9%96%93%E6%98%A0%E5%83%8F%E3%82%92%E5%88%B6%E4%BD%9C%E3%80%82","/post/%E3%83%97%E3%83%AD%E3%82%B8%E3%82%A7%E3%82%AF%E3%82%B7%E3%83%A7%E3%83%B3%E3%83%9E%E3%83%83%E3%83%94%E3%83%B3%E3%82%B0%E4%BA%8B%E6%A5%AD%E3%81%A7%E9%AB%98%E3%81%84%E8%A9%95%E4%BE%A1%E3%82%92%E5%8F%97%E3%81%91%E3%81%A6%E3%81%8D%E3%81%9Fmirasisone-%E3%83%9F%E3%83%A9%E3%82%B7%E3%82%B9%E3%83%AF%E3%83%B3-%E3%81%8C%E3%80%81%E5%88%9D%E3%81%AE%E3%83%89%E3%83%90%E3%82%A4%E9%80%B2%E5%87%BA%EF%BC%81%E6%97%A5%E6%9C%AC%E9%A3%9F%E3%83%AC%E3%82%B9%E3%83%88%E3%83%A9%E3%83%B3%E3%81%A7%E6%97%A5%E6%9C%AC%E3%81%A8%E3%83%89%E3%83%90%E3%82%A4%E3%81%AE%E6%96%87%E5%8C%96%E3%82%92%E8%9E%8D%E5%90%88%E3%81%97%E3%81%9F%E3%82%A4%E3%83%9E%E3%83%BC%E3%82%B7%E3%83%96%E7%A9%BA%E9%96%93%E6%98%A0%E5%83%8F%E3%82%92%E5%88%B6%E4%BD%9C%E3%80%82","keep-200","2025-02-26","pending",""
"blog-post","https://www.mirasisone.com/post/3dcg-digital-signage","/post/3dcg-digital-signage","/post/3dcg-digital-signage","keep-200","2026-04-27","pending",""
"blog-post","https://www.mirasisone.com/post/outdoor-pm-cost-and-ordering-guide-2026","/post/outdoor-pm-cost-and-ordering-guide-2026","/post/outdoor-pm-cost-and-ordering-guide-2026","keep-200","2026-07-14","pending",""
"blog-post","https://www.mirasisone.com/post/【空間演出事例】焼肉-牛牛-西麻布総本店-プロジェクションマッピングで入口から-魅せる-体験へ","/post/%E3%80%90%E7%A9%BA%E9%96%93%E6%BC%94%E5%87%BA%E4%BA%8B%E4%BE%8B%E3%80%91%E7%84%BC%E8%82%89-%E7%89%9B%E7%89%9B-%E8%A5%BF%E9%BA%BB%E5%B8%83%E7%B7%8F%E6%9C%AC%E5%BA%97-%E3%83%97%E3%83%AD%E3%82%B8%E3%82%A7%E3%82%AF%E3%82%B7%E3%83%A7%E3%83%B3%E3%83%9E%E3%83%83%E3%83%94%E3%83%B3%E3%82%B0%E3%81%A7%E5%85%A5%E5%8F%A3%E3%81%8B%E3%82%89-%E9%AD%85%E3%81%9B%E3%82%8B-%E4%BD%93%E9%A8%93%E3%81%B8","/post/%E3%80%90%E7%A9%BA%E9%96%93%E6%BC%94%E5%87%BA%E4%BA%8B%E4%BE%8B%E3%80%91%E7%84%BC%E8%82%89-%E7%89%9B%E7%89%9B-%E8%A5%BF%E9%BA%BB%E5%B8%83%E7%B7%8F%E6%9C%AC%E5%BA%97-%E3%83%97%E3%83%AD%E3%82%B8%E3%82%A7%E3%82%AF%E3%82%B7%E3%83%A7%E3%83%B3%E3%83%9E%E3%83%83%E3%83%94%E3%83%B3%E3%82%B0%E3%81%A7%E5%85%A5%E5%8F%A3%E3%81%8B%E3%82%89-%E9%AD%85%E3%81%9B%E3%82%8B-%E4%BD%93%E9%A8%93%E3%81%B8","keep-200","2025-05-29","pending",""
"blog-post","https://www.mirasisone.com/post/projection-mapping-what-is","/post/projection-mapping-what-is","/post/projection-mapping-what-is","keep-200","2026-06-23","pending",""
"blog-post","https://www.mirasisone.com/post/projection-mapping-customer-attraction","/post/projection-mapping-customer-attraction","/post/projection-mapping-customer-attraction","keep-200","2026-06-29","pending",""
"blog-post","https://www.mirasisone.com/post/hotel-projection-mapping","/post/hotel-projection-mapping","/post/hotel-projection-mapping","keep-200","2026-04-20","pending",""
"blog-post","https://www.mirasisone.com/post/projection-mapping-company-guide","/post/projection-mapping-company-guide","/post/projection-mapping-company-guide","keep-200","2026-04-13","pending",""
"blog-post","https://www.mirasisone.com/post/wedding-venue-projection-mapping","/post/wedding-venue-projection-mapping","/post/wedding-venue-projection-mapping","keep-200","2026-07-29","pending",""
"blog-post","https://www.mirasisone.com/post/映える店舗はこう作る-今、飲食店で-映像演出-がバズる理由","/post/%E6%98%A0%E3%81%88%E3%82%8B%E5%BA%97%E8%88%97%E3%81%AF%E3%81%93%E3%81%86%E4%BD%9C%E3%82%8B-%E4%BB%8A%E3%80%81%E9%A3%B2%E9%A3%9F%E5%BA%97%E3%81%A7-%E6%98%A0%E5%83%8F%E6%BC%94%E5%87%BA-%E3%81%8C%E3%83%90%E3%82%BA%E3%82%8B%E7%90%86%E7%94%B1","/post/%E6%98%A0%E3%81%88%E3%82%8B%E5%BA%97%E8%88%97%E3%81%AF%E3%81%93%E3%81%86%E4%BD%9C%E3%82%8B-%E4%BB%8A%E3%80%81%E9%A3%B2%E9%A3%9F%E5%BA%97%E3%81%A7-%E6%98%A0%E5%83%8F%E6%BC%94%E5%87%BA-%E3%81%8C%E3%83%90%E3%82%BA%E3%82%8B%E7%90%86%E7%94%B1","keep-200","2025-12-08","pending",""
"blog-post","https://www.mirasisone.com/post/飲食店の価値を高める。プロジェクションマッピング空間演出事例と成功ポイント","/post/%E9%A3%B2%E9%A3%9F%E5%BA%97%E3%81%AE%E4%BE%A1%E5%80%A4%E3%82%92%E9%AB%98%E3%82%81%E3%82%8B%E3%80%82%E3%83%97%E3%83%AD%E3%82%B8%E3%82%A7%E3%82%AF%E3%82%B7%E3%83%A7%E3%83%B3%E3%83%9E%E3%83%83%E3%83%94%E3%83%B3%E3%82%B0%E7%A9%BA%E9%96%93%E6%BC%94%E5%87%BA%E4%BA%8B%E4%BE%8B%E3%81%A8%E6%88%90%E5%8A%9F%E3%83%9D%E3%82%A4%E3%83%B3%E3%83%88","/post/%E9%A3%B2%E9%A3%9F%E5%BA%97%E3%81%AE%E4%BE%A1%E5%80%A4%E3%82%92%E9%AB%98%E3%82%81%E3%82%8B%E3%80%82%E3%83%97%E3%83%AD%E3%82%B8%E3%82%A7%E3%82%AF%E3%82%B7%E3%83%A7%E3%83%B3%E3%83%9E%E3%83%83%E3%83%94%E3%83%B3%E3%82%B0%E7%A9%BA%E9%96%93%E6%BC%94%E5%87%BA%E4%BA%8B%E4%BE%8B%E3%81%A8%E6%88%90%E5%8A%9F%E3%83%9D%E3%82%A4%E3%83%B3%E3%83%88","keep-200","2025-08-06","pending",""
"blog-post","https://www.mirasisone.com/post/【2025年版】プロジェクションマッピング導入費用と成功パターン-無料見積もりガイド","/post/%E3%80%902025%E5%B9%B4%E7%89%88%E3%80%91%E3%83%97%E3%83%AD%E3%82%B8%E3%82%A7%E3%82%AF%E3%82%B7%E3%83%A7%E3%83%B3%E3%83%9E%E3%83%83%E3%83%94%E3%83%B3%E3%82%B0%E5%B0%8E%E5%85%A5%E8%B2%BB%E7%94%A8%E3%81%A8%E6%88%90%E5%8A%9F%E3%83%91%E3%82%BF%E3%83%BC%E3%83%B3-%E7%84%A1%E6%96%99%E8%A6%8B%E7%A9%8D%E3%82%82%E3%82%8A%E3%82%AC%E3%82%A4%E3%83%89","/post/%E3%80%902025%E5%B9%B4%E7%89%88%E3%80%91%E3%83%97%E3%83%AD%E3%82%B8%E3%82%A7%E3%82%AF%E3%82%B7%E3%83%A7%E3%83%B3%E3%83%9E%E3%83%83%E3%83%94%E3%83%B3%E3%82%B0%E5%B0%8E%E5%85%A5%E8%B2%BB%E7%94%A8%E3%81%A8%E6%88%90%E5%8A%9F%E3%83%91%E3%82%BF%E3%83%BC%E3%83%B3-%E7%84%A1%E6%96%99%E8%A6%8B%E7%A9%8D%E3%82%82%E3%82%8A%E3%82%AC%E3%82%A4%E3%83%89","keep-200","2025-09-30","pending",""
"blog-post","https://www.mirasisone.com/post/kakichanpon-3dcg-foodcm","/post/kakichanpon-3dcg-foodcm","/post/kakichanpon-3dcg-foodcm","keep-200","2025-11-24","pending",""
"blog-post","https://www.mirasisone.com/post/お客様の-わぁ！-を生む飲食店マッピング-導入事例と成功ポイント","/post/%E3%81%8A%E5%AE%A2%E6%A7%98%E3%81%AE-%E3%82%8F%E3%81%81%EF%BC%81-%E3%82%92%E7%94%9F%E3%82%80%E9%A3%B2%E9%A3%9F%E5%BA%97%E3%83%9E%E3%83%83%E3%83%94%E3%83%B3%E3%82%B0-%E5%B0%8E%E5%85%A5%E4%BA%8B%E4%BE%8B%E3%81%A8%E6%88%90%E5%8A%9F%E3%83%9D%E3%82%A4%E3%83%B3%E3%83%88","/post/%E3%81%8A%E5%AE%A2%E6%A7%98%E3%81%AE-%E3%82%8F%E3%81%81%EF%BC%81-%E3%82%92%E7%94%9F%E3%82%80%E9%A3%B2%E9%A3%9F%E5%BA%97%E3%83%9E%E3%83%83%E3%83%94%E3%83%B3%E3%82%B0-%E5%B0%8E%E5%85%A5%E4%BA%8B%E4%BE%8B%E3%81%A8%E6%88%90%E5%8A%9F%E3%83%9D%E3%82%A4%E3%83%B3%E3%83%88","keep-200","2025-10-19","pending",""
"blog-post","https://www.mirasisone.com/post/【渋谷-プロジェクションマッピング】1日4組限定「whitely-小人シェフ」の世界をmirasisoneが演出","/post/%E3%80%90%E6%B8%8B%E8%B0%B7-%E3%83%97%E3%83%AD%E3%82%B8%E3%82%A7%E3%82%AF%E3%82%B7%E3%83%A7%E3%83%B3%E3%83%9E%E3%83%83%E3%83%94%E3%83%B3%E3%82%B0%E3%80%911%E6%97%A54%E7%B5%84%E9%99%90%E5%AE%9A%E3%80%8Cwhitely-%E5%B0%8F%E4%BA%BA%E3%82%B7%E3%82%A7%E3%83%95%E3%80%8D%E3%81%AE%E4%B8%96%E7%95%8C%E3%82%92mirasisone%E3%81%8C%E6%BC%94%E5%87%BA","/post/%E3%80%90%E6%B8%8B%E8%B0%B7-%E3%83%97%E3%83%AD%E3%82%B8%E3%82%A7%E3%82%AF%E3%82%B7%E3%83%A7%E3%83%B3%E3%83%9E%E3%83%83%E3%83%94%E3%83%B3%E3%82%B0%E3%80%911%E6%97%A54%E7%B5%84%E9%99%90%E5%AE%9A%E3%80%8Cwhitely-%E5%B0%8F%E4%BA%BA%E3%82%B7%E3%82%A7%E3%83%95%E3%80%8D%E3%81%AE%E4%B8%96%E7%95%8C%E3%82%92mirasisone%E3%81%8C%E6%BC%94%E5%87%BA","keep-200","2025-04-24","pending",""
"blog-post","https://www.mirasisone.com/post/naked-eye-3d-signage-guide","/post/naked-eye-3d-signage-guide","/post/naked-eye-3d-signage-guide","keep-200","2026-07-22","pending",""
"blog-post","https://www.mirasisone.com/post/【プロジェクションマッピング】mirasisone初の海外進出！フィリピン-マニラのスポーツバーでプロジェクションマッピングを披露","/post/%E3%80%90%E3%83%97%E3%83%AD%E3%82%B8%E3%82%A7%E3%82%AF%E3%82%B7%E3%83%A7%E3%83%B3%E3%83%9E%E3%83%83%E3%83%94%E3%83%B3%E3%82%B0%E3%80%91mirasisone%E5%88%9D%E3%81%AE%E6%B5%B7%E5%A4%96%E9%80%B2%E5%87%BA%EF%BC%81%E3%83%95%E3%82%A3%E3%83%AA%E3%83%94%E3%83%B3-%E3%83%9E%E3%83%8B%E3%83%A9%E3%81%AE%E3%82%B9%E3%83%9D%E3%83%BC%E3%83%84%E3%83%90%E3%83%BC%E3%81%A7%E3%83%97%E3%83%AD%E3%82%B8%E3%82%A7%E3%82%AF%E3%82%B7%E3%83%A7%E3%83%B3%E3%83%9E%E3%83%83%E3%83%94%E3%83%B3%E3%82%B0%E3%82%92%E6%8A%AB%E9%9C%B2","/post/%E3%80%90%E3%83%97%E3%83%AD%E3%82%B8%E3%82%A7%E3%82%AF%E3%82%B7%E3%83%A7%E3%83%B3%E3%83%9E%E3%83%83%E3%83%94%E3%83%B3%E3%82%B0%E3%80%91mirasisone%E5%88%9D%E3%81%AE%E6%B5%B7%E5%A4%96%E9%80%B2%E5%87%BA%EF%BC%81%E3%83%95%E3%82%A3%E3%83%AA%E3%83%94%E3%83%B3-%E3%83%9E%E3%83%8B%E3%83%A9%E3%81%AE%E3%82%B9%E3%83%9D%E3%83%BC%E3%83%84%E3%83%90%E3%83%BC%E3%81%A7%E3%83%97%E3%83%AD%E3%82%B8%E3%82%A7%E3%82%AF%E3%82%B7%E3%83%A7%E3%83%B3%E3%83%9E%E3%83%83%E3%83%94%E3%83%B3%E3%82%B0%E3%82%92%E6%8A%AB%E9%9C%B2","keep-200","2024-11-03","pending",""
"blog-post","https://www.mirasisone.com/post/instagramで話題沸騰中！東京-渋谷にあるプロジェクションマッピングを使用したcafe-レストラン【whitely-小人シェフ】","/post/instagram%E3%81%A7%E8%A9%B1%E9%A1%8C%E6%B2%B8%E9%A8%B0%E4%B8%AD%EF%BC%81%E6%9D%B1%E4%BA%AC-%E6%B8%8B%E8%B0%B7%E3%81%AB%E3%81%82%E3%82%8B%E3%83%97%E3%83%AD%E3%82%B8%E3%82%A7%E3%82%AF%E3%82%B7%E3%83%A7%E3%83%B3%E3%83%9E%E3%83%83%E3%83%94%E3%83%B3%E3%82%B0%E3%82%92%E4%BD%BF%E7%94%A8%E3%81%97%E3%81%9Fcafe-%E3%83%AC%E3%82%B9%E3%83%88%E3%83%A9%E3%83%B3%E3%80%90whitely-%E5%B0%8F%E4%BA%BA%E3%82%B7%E3%82%A7%E3%83%95%E3%80%91","/post/instagram%E3%81%A7%E8%A9%B1%E9%A1%8C%E6%B2%B8%E9%A8%B0%E4%B8%AD%EF%BC%81%E6%9D%B1%E4%BA%AC-%E6%B8%8B%E8%B0%B7%E3%81%AB%E3%81%82%E3%82%8B%E3%83%97%E3%83%AD%E3%82%B8%E3%82%A7%E3%82%AF%E3%82%B7%E3%83%A7%E3%83%B3%E3%83%9E%E3%83%83%E3%83%94%E3%83%B3%E3%82%B0%E3%82%92%E4%BD%BF%E7%94%A8%E3%81%97%E3%81%9Fcafe-%E3%83%AC%E3%82%B9%E3%83%88%E3%83%A9%E3%83%B3%E3%80%90whitely-%E5%B0%8F%E4%BA%BA%E3%82%B7%E3%82%A7%E3%83%95%E3%80%91","keep-200","2025-07-15","pending",""
"blog-post","https://www.mirasisone.com/post/【名刺をもっとワクワクするものに】mirasisoneオリジナルトレカ名刺が完成！","/post/%E3%80%90%E5%90%8D%E5%88%BA%E3%82%92%E3%82%82%E3%81%A3%E3%81%A8%E3%83%AF%E3%82%AF%E3%83%AF%E3%82%AF%E3%81%99%E3%82%8B%E3%82%82%E3%81%AE%E3%81%AB%E3%80%91mirasisone%E3%82%AA%E3%83%AA%E3%82%B8%E3%83%8A%E3%83%AB%E3%83%88%E3%83%AC%E3%82%AB%E5%90%8D%E5%88%BA%E3%81%8C%E5%AE%8C%E6%88%90%EF%BC%81","/post/%E3%80%90%E5%90%8D%E5%88%BA%E3%82%92%E3%82%82%E3%81%A3%E3%81%A8%E3%83%AF%E3%82%AF%E3%83%AF%E3%82%AF%E3%81%99%E3%82%8B%E3%82%82%E3%81%AE%E3%81%AB%E3%80%91mirasisone%E3%82%AA%E3%83%AA%E3%82%B8%E3%83%8A%E3%83%AB%E3%83%88%E3%83%AC%E3%82%AB%E5%90%8D%E5%88%BA%E3%81%8C%E5%AE%8C%E6%88%90%EF%BC%81","keep-200","2025-05-01","pending",""
"blog-post","https://www.mirasisone.com/post/常設プロジェクションマッピング完全ガイド2026-飲食店・ホテル・商業施設の導入設計と費用","/post/%E5%B8%B8%E8%A8%AD%E3%83%97%E3%83%AD%E3%82%B8%E3%82%A7%E3%82%AF%E3%82%B7%E3%83%A7%E3%83%B3%E3%83%9E%E3%83%83%E3%83%94%E3%83%B3%E3%82%B0%E5%AE%8C%E5%85%A8%E3%82%AC%E3%82%A4%E3%83%892026-%E9%A3%B2%E9%A3%9F%E5%BA%97%E3%83%BB%E3%83%9B%E3%83%86%E3%83%AB%E3%83%BB%E5%95%86%E6%A5%AD%E6%96%BD%E8%A8%AD%E3%81%AE%E5%B0%8E%E5%85%A5%E8%A8%AD%E8%A8%88%E3%81%A8%E8%B2%BB%E7%94%A8","/post/%E5%B8%B8%E8%A8%AD%E3%83%97%E3%83%AD%E3%82%B8%E3%82%A7%E3%82%AF%E3%82%B7%E3%83%A7%E3%83%B3%E3%83%9E%E3%83%83%E3%83%94%E3%83%B3%E3%82%B0%E5%AE%8C%E5%85%A8%E3%82%AC%E3%82%A4%E3%83%892026-%E9%A3%B2%E9%A3%9F%E5%BA%97%E3%83%BB%E3%83%9B%E3%83%86%E3%83%AB%E3%83%BB%E5%95%86%E6%A5%AD%E6%96%BD%E8%A8%AD%E3%81%AE%E5%B0%8E%E5%85%A5%E8%A8%AD%E8%A8%88%E3%81%A8%E8%B2%BB%E7%94%A8","keep-200","2026-07-24","pending",""
"blog-post","https://www.mirasisone.com/post/sauna-visual-immersive-experience","/post/sauna-visual-immersive-experience","/post/sauna-visual-immersive-experience","keep-200","2025-12-22","pending",""
"blog-post","https://www.mirasisone.com/post/大阪万博で-未来の食文化体験-を創る-mirasisoneの挑戦","/post/%E5%A4%A7%E9%98%AA%E4%B8%87%E5%8D%9A%E3%81%A7-%E6%9C%AA%E6%9D%A5%E3%81%AE%E9%A3%9F%E6%96%87%E5%8C%96%E4%BD%93%E9%A8%93-%E3%82%92%E5%89%B5%E3%82%8B-mirasisone%E3%81%AE%E6%8C%91%E6%88%A6","/post/%E5%A4%A7%E9%98%AA%E4%B8%87%E5%8D%9A%E3%81%A7-%E6%9C%AA%E6%9D%A5%E3%81%AE%E9%A3%9F%E6%96%87%E5%8C%96%E4%BD%93%E9%A8%93-%E3%82%92%E5%89%B5%E3%82%8B-mirasisone%E3%81%AE%E6%8C%91%E6%88%A6","keep-200","2025-07-03","pending",""
"blog-post","https://www.mirasisone.com/post/local-company-3dcg-projectionmapping","/post/local-company-3dcg-projectionmapping","/post/local-company-3dcg-projectionmapping","keep-200","2026-02-17","pending",""
"blog-post","https://www.mirasisone.com/post/プロジェクションマッピング会社の選び方と導入事例-国内外対応のmirasisone","/post/%E3%83%97%E3%83%AD%E3%82%B8%E3%82%A7%E3%82%AF%E3%82%B7%E3%83%A7%E3%83%B3%E3%83%9E%E3%83%83%E3%83%94%E3%83%B3%E3%82%B0%E4%BC%9A%E7%A4%BE%E3%81%AE%E9%81%B8%E3%81%B3%E6%96%B9%E3%81%A8%E5%B0%8E%E5%85%A5%E4%BA%8B%E4%BE%8B-%E5%9B%BD%E5%86%85%E5%A4%96%E5%AF%BE%E5%BF%9C%E3%81%AEmirasisone","/post/%E3%83%97%E3%83%AD%E3%82%B8%E3%82%A7%E3%82%AF%E3%82%B7%E3%83%A7%E3%83%B3%E3%83%9E%E3%83%83%E3%83%94%E3%83%B3%E3%82%B0%E4%BC%9A%E7%A4%BE%E3%81%AE%E9%81%B8%E3%81%B3%E6%96%B9%E3%81%A8%E5%B0%8E%E5%85%A5%E4%BA%8B%E4%BE%8B-%E5%9B%BD%E5%86%85%E5%A4%96%E5%AF%BE%E5%BF%9C%E3%81%AEmirasisone","keep-200","2025-08-16","pending",""
"blog-post","https://www.mirasisone.com/post/空間が語り出す。私たちは-デジタル空間演出家-です。","/post/%E7%A9%BA%E9%96%93%E3%81%8C%E8%AA%9E%E3%82%8A%E5%87%BA%E3%81%99%E3%80%82%E7%A7%81%E3%81%9F%E3%81%A1%E3%81%AF-%E3%83%87%E3%82%B8%E3%82%BF%E3%83%AB%E7%A9%BA%E9%96%93%E6%BC%94%E5%87%BA%E5%AE%B6-%E3%81%A7%E3%81%99%E3%80%82","/post/%E7%A9%BA%E9%96%93%E3%81%8C%E8%AA%9E%E3%82%8A%E5%87%BA%E3%81%99%E3%80%82%E7%A7%81%E3%81%9F%E3%81%A1%E3%81%AF-%E3%83%87%E3%82%B8%E3%82%BF%E3%83%AB%E7%A9%BA%E9%96%93%E6%BC%94%E5%87%BA%E5%AE%B6-%E3%81%A7%E3%81%99%E3%80%82","keep-200","2025-08-06","pending",""
"blog-post","https://www.mirasisone.com/post/projection-mapping-cost-2026","/post/projection-mapping-cost-2026","/post/projection-mapping-cost-2026","keep-200","2026-06-15","pending",""
"blog-post","https://www.mirasisone.com/post/飲食店プロジェクションマッピング事例-ただの映像じゃない-体験する空間演出-とは","/post/%E9%A3%B2%E9%A3%9F%E5%BA%97%E3%83%97%E3%83%AD%E3%82%B8%E3%82%A7%E3%82%AF%E3%82%B7%E3%83%A7%E3%83%B3%E3%83%9E%E3%83%83%E3%83%94%E3%83%B3%E3%82%B0%E4%BA%8B%E4%BE%8B-%E3%81%9F%E3%81%A0%E3%81%AE%E6%98%A0%E5%83%8F%E3%81%98%E3%82%83%E3%81%AA%E3%81%84-%E4%BD%93%E9%A8%93%E3%81%99%E3%82%8B%E7%A9%BA%E9%96%93%E6%BC%94%E5%87%BA-%E3%81%A8%E3%81%AF","/post/%E9%A3%B2%E9%A3%9F%E5%BA%97%E3%83%97%E3%83%AD%E3%82%B8%E3%82%A7%E3%82%AF%E3%82%B7%E3%83%A7%E3%83%B3%E3%83%9E%E3%83%83%E3%83%94%E3%83%B3%E3%82%B0%E4%BA%8B%E4%BE%8B-%E3%81%9F%E3%81%A0%E3%81%AE%E6%98%A0%E5%83%8F%E3%81%98%E3%82%83%E3%81%AA%E3%81%84-%E4%BD%93%E9%A8%93%E3%81%99%E3%82%8B%E7%A9%BA%E9%96%93%E6%BC%94%E5%87%BA-%E3%81%A8%E3%81%AF","keep-200","2025-07-30","pending",""
"blog-post","https://www.mirasisone.com/post/projection-mapping-company","/post/projection-mapping-company","/post/projection-mapping-company","keep-200","2026-04-06","pending",""
"blog-post","https://www.mirasisone.com/post/winter-pm","/post/winter-pm","/post/winter-pm","keep-200","2025-11-11","pending",""
"blog-post","https://www.mirasisone.com/post/projection-mapping-restaurant-guide","/post/projection-mapping-restaurant-guide","/post/projection-mapping-restaurant-guide","keep-200","2026-03-30","pending",""
"blog-post","https://www.mirasisone.com/post/projection-mapping-seisaku-guide","/post/projection-mapping-seisaku-guide","/post/projection-mapping-seisaku-guide","keep-200","2026-06-01","pending",""
"blog-post","https://www.mirasisone.com/post/飲食マッピングとは？mirasisoneが手がけるプロジェクションマッピングの魅力","/post/%E9%A3%B2%E9%A3%9F%E3%83%9E%E3%83%83%E3%83%94%E3%83%B3%E3%82%B0%E3%81%A8%E3%81%AF%EF%BC%9Fmirasisone%E3%81%8C%E6%89%8B%E3%81%8C%E3%81%91%E3%82%8B%E3%83%97%E3%83%AD%E3%82%B8%E3%82%A7%E3%82%AF%E3%82%B7%E3%83%A7%E3%83%B3%E3%83%9E%E3%83%83%E3%83%94%E3%83%B3%E3%82%B0%E3%81%AE%E9%AD%85%E5%8A%9B","/post/%E9%A3%B2%E9%A3%9F%E3%83%9E%E3%83%83%E3%83%94%E3%83%B3%E3%82%B0%E3%81%A8%E3%81%AF%EF%BC%9Fmirasisone%E3%81%8C%E6%89%8B%E3%81%8C%E3%81%91%E3%82%8B%E3%83%97%E3%83%AD%E3%82%B8%E3%82%A7%E3%82%AF%E3%82%B7%E3%83%A7%E3%83%B3%E3%83%9E%E3%83%83%E3%83%94%E3%83%B3%E3%82%B0%E3%81%AE%E9%AD%85%E5%8A%9B","keep-200","2025-06-12","pending",""
"blog-post","https://www.mirasisone.com/post/whitely-space-visual","/post/whitely-space-visual","/post/whitely-space-visual","keep-200","2026-01-27","pending",""
"blog-post","https://www.mirasisone.com/post/屋内プロジェクションマッピングで空間は変わる。―-店舗専用マッピングを手がける-mirasisone-の新しい挑戦-―","/post/%E5%B1%8B%E5%86%85%E3%83%97%E3%83%AD%E3%82%B8%E3%82%A7%E3%82%AF%E3%82%B7%E3%83%A7%E3%83%B3%E3%83%9E%E3%83%83%E3%83%94%E3%83%B3%E3%82%B0%E3%81%A7%E7%A9%BA%E9%96%93%E3%81%AF%E5%A4%89%E3%82%8F%E3%82%8B%E3%80%82%E2%80%95-%E5%BA%97%E8%88%97%E5%B0%82%E7%94%A8%E3%83%9E%E3%83%83%E3%83%94%E3%83%B3%E3%82%B0%E3%82%92%E6%89%8B%E3%81%8C%E3%81%91%E3%82%8B-mirasisone-%E3%81%AE%E6%96%B0%E3%81%97%E3%81%84%E6%8C%91%E6%88%A6-%E2%80%95","/post/%E5%B1%8B%E5%86%85%E3%83%97%E3%83%AD%E3%82%B8%E3%82%A7%E3%82%AF%E3%82%B7%E3%83%A7%E3%83%B3%E3%83%9E%E3%83%83%E3%83%94%E3%83%B3%E3%82%B0%E3%81%A7%E7%A9%BA%E9%96%93%E3%81%AF%E5%A4%89%E3%82%8F%E3%82%8B%E3%80%82%E2%80%95-%E5%BA%97%E8%88%97%E5%B0%82%E7%94%A8%E3%83%9E%E3%83%83%E3%83%94%E3%83%B3%E3%82%B0%E3%82%92%E6%89%8B%E3%81%8C%E3%81%91%E3%82%8B-mirasisone-%E3%81%AE%E6%96%B0%E3%81%97%E3%81%84%E6%8C%91%E6%88%A6-%E2%80%95","keep-200","2025-11-04","pending",""
"blog-post","https://www.mirasisone.com/post/【12-1-日-〜放映開始】新大久保最大のデジタルサイネージ「新大久保シンクロビジョン」が白虎の躍動で彩られる","/post/%E3%80%9012-1-%E6%97%A5-%E3%80%9C%E6%94%BE%E6%98%A0%E9%96%8B%E5%A7%8B%E3%80%91%E6%96%B0%E5%A4%A7%E4%B9%85%E4%BF%9D%E6%9C%80%E5%A4%A7%E3%81%AE%E3%83%87%E3%82%B8%E3%82%BF%E3%83%AB%E3%82%B5%E3%82%A4%E3%83%8D%E3%83%BC%E3%82%B8%E3%80%8C%E6%96%B0%E5%A4%A7%E4%B9%85%E4%BF%9D%E3%82%B7%E3%83%B3%E3%82%AF%E3%83%AD%E3%83%93%E3%82%B8%E3%83%A7%E3%83%B3%E3%80%8D%E3%81%8C%E7%99%BD%E8%99%8E%E3%81%AE%E8%BA%8D%E5%8B%95%E3%81%A7%E5%BD%A9%E3%82%89%E3%82%8C%E3%82%8B","/post/%E3%80%9012-1-%E6%97%A5-%E3%80%9C%E6%94%BE%E6%98%A0%E9%96%8B%E5%A7%8B%E3%80%91%E6%96%B0%E5%A4%A7%E4%B9%85%E4%BF%9D%E6%9C%80%E5%A4%A7%E3%81%AE%E3%83%87%E3%82%B8%E3%82%BF%E3%83%AB%E3%82%B5%E3%82%A4%E3%83%8D%E3%83%BC%E3%82%B8%E3%80%8C%E6%96%B0%E5%A4%A7%E4%B9%85%E4%BF%9D%E3%82%B7%E3%83%B3%E3%82%AF%E3%83%AD%E3%83%93%E3%82%B8%E3%83%A7%E3%83%B3%E3%80%8D%E3%81%8C%E7%99%BD%E8%99%8E%E3%81%AE%E8%BA%8D%E5%8B%95%E3%81%A7%E5%BD%A9%E3%82%89%E3%82%8C%E3%82%8B","keep-200","2024-11-28","pending",""
"blog-category","https://www.mirasisone.com/blog/categories/ホームページリニューアル","/blog/categories/%E3%83%9B%E3%83%BC%E3%83%A0%E3%83%9A%E3%83%BC%E3%82%B8%E3%83%AA%E3%83%8B%E3%83%A5%E3%83%BC%E3%82%A2%E3%83%AB","/blog/categories/%E3%83%9B%E3%83%BC%E3%83%A0%E3%83%9A%E3%83%BC%E3%82%B8%E3%83%AA%E3%83%8B%E3%83%A5%E3%83%BC%E3%82%A2%E3%83%AB","keep-200","2025-07-16","pending",""
"blog-category","https://www.mirasisone.com/blog/categories/3d映像制作","/blog/categories/3d%E6%98%A0%E5%83%8F%E5%88%B6%E4%BD%9C","/blog/categories/3d%E6%98%A0%E5%83%8F%E5%88%B6%E4%BD%9C","keep-200","2026-07-22","pending",""
"blog-category","https://www.mirasisone.com/blog","/blog","/blog","keep-200","2026-07-30","pending",""
"blog-category","https://www.mirasisone.com/blog/categories/内装","/blog/categories/%E5%86%85%E8%A3%85","/blog/categories/%E5%86%85%E8%A3%85","keep-200","2026-05-18","pending",""
"blog-category","https://www.mirasisone.com/blog/categories/vr/arコンテンツ","/blog/categories/vr/ar%E3%82%B3%E3%83%B3%E3%83%86%E3%83%B3%E3%83%84","/blog/categories/vr/ar%E3%82%B3%E3%83%B3%E3%83%86%E3%83%B3%E3%83%84","keep-200","2026-07-27","pending",""
"blog-category","https://www.mirasisone.com/blog/categories/デジタルサイネージ","/blog/categories/%E3%83%87%E3%82%B8%E3%82%BF%E3%83%AB%E3%82%B5%E3%82%A4%E3%83%8D%E3%83%BC%E3%82%B8","/blog/categories/%E3%83%87%E3%82%B8%E3%82%BF%E3%83%AB%E3%82%B5%E3%82%A4%E3%83%8D%E3%83%BC%E3%82%B8","keep-200","2026-07-27","pending",""
"blog-category","https://www.mirasisone.com/blog/categories/３dcg","/blog/categories/%EF%BC%93dcg","/blog/categories/%EF%BC%93dcg","keep-200","2026-07-13","pending",""
"blog-category","https://www.mirasisone.com/blog/categories/空間演出","/blog/categories/%E7%A9%BA%E9%96%93%E6%BC%94%E5%87%BA","/blog/categories/%E7%A9%BA%E9%96%93%E6%BC%94%E5%87%BA","keep-200","2026-07-30","pending",""
"blog-category","https://www.mirasisone.com/blog/categories/クリエイター","/blog/categories/%E3%82%AF%E3%83%AA%E3%82%A8%E3%82%A4%E3%82%BF%E3%83%BC","/blog/categories/%E3%82%AF%E3%83%AA%E3%82%A8%E3%82%A4%E3%82%BF%E3%83%BC","keep-200","2026-02-04","pending",""
"blog-category","https://www.mirasisone.com/blog/categories/プロジェクションマッピング","/blog/categories/%E3%83%97%E3%83%AD%E3%82%B8%E3%82%A7%E3%82%AF%E3%82%B7%E3%83%A7%E3%83%B3%E3%83%9E%E3%83%83%E3%83%94%E3%83%B3%E3%82%B0","/blog/categories/%E3%83%97%E3%83%AD%E3%82%B8%E3%82%A7%E3%82%AF%E3%82%B7%E3%83%A7%E3%83%B3%E3%83%9E%E3%83%83%E3%83%94%E3%83%B3%E3%82%B0","keep-200","2026-07-30","pending",""