type,old_url,old_path,new_path,action,lastmod,http_status,title,description,canonical,og_title,og_description,og_image,h1
"pages","https://www.mirasisone.com/blog","/blog","/blog","keep-200","2026-06-06","200","TOPICS・NEWS | MIRASISONE | プロジェクションマッピング・3DCG動画制作 | AR・VRコンテンツ制作 | 東京","MIRASISONEの最新ニュースとトピックスページ。プロジェクションマッピング、3DCG動画制作、AR・VRコンテンツ制作に関する最新情報、イベント情報、業界の動向をご覧いただけます。","https://www.mirasisone.com/blog","TOPICS・NEWS | MIRASISONE | プロジェクションマッピング・3DCG動画制作 | AR・VRコンテンツ制作 | 東京","MIRASISONEの最新ニュースとトピックスページ。プロジェクションマッピング、3DCG動画制作、AR・VRコンテンツ制作に関する最新情報、イベント情報、業界の動向をご覧いただけます。","https://static.wixstatic.com/media/6c4e63_0515e4bc2cb940fe95ead9b597ce46a2~mv2.jpg/v1/fill/w_2500,h_1875,al_c/6c4e63_0515e4bc2cb940fe95ead9b597ce46a2~mv2.jpg","MIRASISONE | プロジェクションマッピング・3DCG動画制作 | AR・VR制作 | 東京"
"pages","https://www.mirasisone.com/company","/company","/company","keep-200","2026-06-06","200","会社概要 | MIRASISONE | プロジェクションマッピング・3DCG動画制作 | AR・VRコンテンツ制作 | 東京","株式会社MIRASISONEの「About Us」ページでは、私たちの会社概要、ミッション、ビジョンを紹介しています。代表の挨拶を通じて、企業の成り立ちや未来に向けた思いをお伝えし、私たちの提供する革新的なサービスの根底にある理念をご紹介します。また、プロジェクションマッピングや3DCG動画制作、AR・VRコンテンツ制作を通じて、未来のエンターテインメントを創造し続ける私たちの活動についても詳しくご覧いただけます。","https://www.mirasisone.com/company","ABOUT | MIRASISONE | プロジェクションマッピング・3DCG動画制作 | AR・VRコンテンツ制作 | 東京","株式会社MIRASISONEの「About Us」ページでは、私たちの会社概要、ミッション、ビジョンを紹介しています。代表の挨拶を通じて、企業の成り立ちや未来に向けた思いをお伝えし、私たちの提供する革新的なサービスの根底にある理念をご紹介します。また、プロジェクションマッピングや3DCG動画制作、AR・VRコンテンツ制作を通じて、未来のエンターテインメントを創造し続ける私たちの活動についても詳しくご覧いただけます。","https://static.wixstatic.com/media/6c4e63_0515e4bc2cb940fe95ead9b597ce46a2~mv2.jpg/v1/fill/w_2500,h_1875,al_c/6c4e63_0515e4bc2cb940fe95ead9b597ce46a2~mv2.jpg","MIRASISONE | プロジェクションマッピング・3DCG動画制作 | AR・VR制作 | 東京"
"pages","https://www.mirasisone.com/privacy-policy","/privacy-policy","/privacy-policy","keep-200","2026-06-06","200","PRIVACY POLICY | MIRASISONE | プロジェクションマッピング・3DCG動画制作 | AR・VRコンテンツ制作 | 東京","MIRASISONEのプライバシーポリシー。プロジェクションマッピング、3DCG動画制作、AR・VRコンテンツ制作に関する個人情報の取り扱いや、データ保護に関する方針をご確認いただけます。","https://www.mirasisone.com/privacy-policy","PRIVACY POLICY | MIRASISONE | プロジェクションマッピング・3DCG動画制作 | AR・VRコンテンツ制作 | 東京","MIRASISONEのプライバシーポリシー。プロジェクションマッピング、3DCG動画制作、AR・VRコンテンツ制作に関する個人情報の取り扱いや、データ保護に関する方針をご確認いただけます。","https://static.wixstatic.com/media/6c4e63_0515e4bc2cb940fe95ead9b597ce46a2~mv2.jpg/v1/fill/w_2500,h_1875,al_c/6c4e63_0515e4bc2cb940fe95ead9b597ce46a2~mv2.jpg","MIRASISONE | プロジェクションマッピング・3DCG動画制作 | AR・VR制作 | 東京"
"pages","https://www.mirasisone.com","/","/","keep-200","2026-06-06","200","MIRASISONE | プロジェクションマッピング・3DCG動画制作 | AR・VRコンテンツ制作 | 東京","株式会社MIRASISONEの公式サイト。プロジェクションマッピングや3D映像制作、AR/VRコンテンツ、メタバースの制作など、革新的なバーチャル体験を通じて、未来のコンテンツを創造し続けます。","https://www.mirasisone.com","MIRASISONE | プロジェクションマッピング・3DCG動画制作 | AR・VRコンテンツ制作 | 東京","株式会社MIRASISONEの公式サイト。プロジェクションマッピングや3D映像制作、AR/VRコンテンツ、メタバースの制作など、革新的なバーチャル体験を通じて、未来のコンテンツを創造し続けます。","https://static.wixstatic.com/media/abf8a7_85abfb902c454f15a4a79aaf9bd18e28~mv2.png/v1/fill/w_900,h_900,al_c/abf8a7_85abfb902c454f15a4a79aaf9bd18e28~mv2.png","MIRASISONE | プロジェクションマッピング・3DCG動画制作 | AR・VR制作 | 東京"
"pages","https://www.mirasisone.com/recruit","/recruit","/recruit","keep-200","2026-06-06","200","RECRUIT | MIRASISONE | プロジェクションマッピング・3DCG動画制作 | AR・VRコンテンツ制作 | 東京","MIRASISONEでは、最先端の映像技術を活用し、革新的なコンテンツを創造する仲間を募集しています。プロジェクションマッピング、3DCG、AR/VRの分野で挑戦し、共に成長することに意欲的な方を歓迎します。あなたのスキルと情熱を活かし、未来のエンターテインメントを共に作り上げましょう。","https://www.mirasisone.com/recruit","RECRUIT | MIRASISONE | プロジェクションマッピング・3DCG動画制作 | AR・VRコンテンツ制作 | 東京","MIRASISONEでは、最先端の映像技術を活用し、革新的なコンテンツを創造する仲間を募集しています。プロジェクションマッピング、3DCG、AR/VRの分野で挑戦し、共に成長することに意欲的な方を歓迎します。あなたのスキルと情熱を活かし、未来のエンターテインメントを共に作り上げましょう。","https://static.wixstatic.com/media/6c4e63_0515e4bc2cb940fe95ead9b597ce46a2~mv2.jpg/v1/fill/w_2500,h_1875,al_c/6c4e63_0515e4bc2cb940fe95ead9b597ce46a2~mv2.jpg","MIRASISONE | プロジェクションマッピング・3DCG動画制作 | AR・VR制作 | 東京"
"pages","https://www.mirasisone.com/works","/works","/works","keep-200","2026-06-06","200","SERVICES & WORKS | MIRASISONE | プロジェクションマッピング・3DCG動画制作 | AR・VRコンテンツ制作 | 東京","MIRASISONEでは、最先端の映像技術を活用した多彩なサービスを提供しています。プロジェクションマッピングや3DCG、AR/VRコンテンツ制作など、未来を切り開く革新的なソリューションで、あなたのビジネスにインパクトを与えます。詳細なサービス内容をご覧ください。","https://www.mirasisone.com/works","SERVICES & WORKS | MIRASISONE | プロジェクションマッピング・3DCG動画制作 | AR・VRコンテンツ制作 | 東京","MIRASISONEでは、最先端の映像技術を活用した多彩なサービスを提供しています。プロジェクションマッピングや3DCG、AR/VRコンテンツ制作など、未来を切り開く革新的なソリューションで、あなたのビジネスにインパクトを与えます。詳細なサービス内容をご覧ください。","https://static.wixstatic.com/media/6c4e63_0515e4bc2cb940fe95ead9b597ce46a2~mv2.jpg/v1/fill/w_2500,h_1875,al_c/6c4e63_0515e4bc2cb940fe95ead9b597ce46a2~mv2.jpg","MIRASISONE | プロジェクションマッピング・3DCG動画制作 | AR・VR制作 | 東京"
"pages","https://www.mirasisone.com/home","/home","/","301","2026-06-06","200","MIRASISONE | プロジェクションマッピング・3DCG動画制作 | AR・VRコンテンツ制作 | 東京","株式会社MIRASISONEの公式サイト。プロジェクションマッピングや3D映像制作、AR/VRコンテンツ、メタバースの制作など、革新的なバーチャル体験を通じて、未来のコンテンツを創造し続けます。","https://www.mirasisone.com/home","MIRASISONE | プロジェクションマッピング・3DCG動画制作 | AR・VRコンテンツ制作 | 東京","株式会社MIRASISONEの公式サイト。プロジェクションマッピングや3D映像制作、AR/VRコンテンツ、メタバースの制作など、革新的なバーチャル体験を通じて、未来のコンテンツを創造し続けます。","https://static.wixstatic.com/media/abf8a7_85abfb902c454f15a4a79aaf9bd18e28~mv2.png/v1/fill/w_900,h_900,al_c/abf8a7_85abfb902c454f15a4a79aaf9bd18e28~mv2.png","MIRASISONE | プロジェクションマッピング・3DCG動画制作 | AR・VR制作 | 東京"
"blog-category","https://www.mirasisone.com/blog/categories/ホームページリニューアル","/blog/categories/%E3%83%9B%E3%83%BC%E3%83%A0%E3%83%9A%E3%83%BC%E3%82%B8%E3%83%AA%E3%83%8B%E3%83%A5%E3%83%BC%E3%82%A2%E3%83%AB","/blog/categories/%E3%83%9B%E3%83%BC%E3%83%A0%E3%83%9A%E3%83%BC%E3%82%B8%E3%83%AA%E3%83%8B%E3%83%A5%E3%83%BC%E3%82%A2%E3%83%AB","keep-200","2025-07-16","200","ホームページリニューアル","","https://www.mirasisone.com/blog/categories/ホームページリニューアル","ホームページリニューアル","","","MIRASISONE | プロジェクションマッピング・3DCG動画制作 | AR・VR制作 | 東京"
"blog-category","https://www.mirasisone.com/blog/categories/3d映像制作","/blog/categories/3d%E6%98%A0%E5%83%8F%E5%88%B6%E4%BD%9C","/blog/categories/3d%E6%98%A0%E5%83%8F%E5%88%B6%E4%BD%9C","keep-200","2026-07-22","200","3D映像制作","","https://www.mirasisone.com/blog/categories/3d映像制作","3D映像制作","","","MIRASISONE | プロジェクションマッピング・3DCG動画制作 | AR・VR制作 | 東京"
"blog-category","https://www.mirasisone.com/blog","/blog","/blog","keep-200","2026-07-30","200","TOPICS・NEWS | MIRASISONE | プロジェクションマッピング・3DCG動画制作 | AR・VRコンテンツ制作 | 東京","MIRASISONEの最新ニュースとトピックスページ。プロジェクションマッピング、3DCG動画制作、AR・VRコンテンツ制作に関する最新情報、イベント情報、業界の動向をご覧いただけます。","https://www.mirasisone.com/blog","TOPICS・NEWS | MIRASISONE | プロジェクションマッピング・3DCG動画制作 | AR・VRコンテンツ制作 | 東京","MIRASISONEの最新ニュースとトピックスページ。プロジェクションマッピング、3DCG動画制作、AR・VRコンテンツ制作に関する最新情報、イベント情報、業界の動向をご覧いただけます。","https://static.wixstatic.com/media/6c4e63_0515e4bc2cb940fe95ead9b597ce46a2~mv2.jpg/v1/fill/w_2500,h_1875,al_c/6c4e63_0515e4bc2cb940fe95ead9b597ce46a2~mv2.jpg","MIRASISONE | プロジェクションマッピング・3DCG動画制作 | AR・VR制作 | 東京"
"blog-category","https://www.mirasisone.com/blog/categories/内装","/blog/categories/%E5%86%85%E8%A3%85","/blog/categories/%E5%86%85%E8%A3%85","keep-200","2026-05-18","200","内装","","https://www.mirasisone.com/blog/categories/内装","内装","","","MIRASISONE | プロジェクションマッピング・3DCG動画制作 | AR・VR制作 | 東京"
"blog-category","https://www.mirasisone.com/blog/categories/vr/arコンテンツ","/blog/categories/vr/ar%E3%82%B3%E3%83%B3%E3%83%86%E3%83%B3%E3%83%84","/blog/categories/vr/ar%E3%82%B3%E3%83%B3%E3%83%86%E3%83%B3%E3%83%84","keep-200","2026-07-27","200","VR/ARコンテンツ","","https://www.mirasisone.com/blog/categories/vr/arコンテンツ","VR/ARコンテンツ","","","MIRASISONE | プロジェクションマッピング・3DCG動画制作 | AR・VR制作 | 東京"
"blog-category","https://www.mirasisone.com/blog/categories/デジタルサイネージ","/blog/categories/%E3%83%87%E3%82%B8%E3%82%BF%E3%83%AB%E3%82%B5%E3%82%A4%E3%83%8D%E3%83%BC%E3%82%B8","/blog/categories/%E3%83%87%E3%82%B8%E3%82%BF%E3%83%AB%E3%82%B5%E3%82%A4%E3%83%8D%E3%83%BC%E3%82%B8","keep-200","2026-07-27","200","デジタルサイネージ","","https://www.mirasisone.com/blog/categories/デジタルサイネージ","デジタルサイネージ","","","MIRASISONE | プロジェクションマッピング・3DCG動画制作 | AR・VR制作 | 東京"
"blog-category","https://www.mirasisone.com/blog/categories/３dcg","/blog/categories/%EF%BC%93dcg","/blog/categories/%EF%BC%93dcg","keep-200","2026-07-13","200","３DCG","","https://www.mirasisone.com/blog/categories/３dcg","３DCG","","","MIRASISONE | プロジェクションマッピング・3DCG動画制作 | AR・VR制作 | 東京"
"blog-category","https://www.mirasisone.com/blog/categories/空間演出","/blog/categories/%E7%A9%BA%E9%96%93%E6%BC%94%E5%87%BA","/blog/categories/%E7%A9%BA%E9%96%93%E6%BC%94%E5%87%BA","keep-200","2026-07-30","200","空間演出","","https://www.mirasisone.com/blog/categories/空間演出","空間演出","","","MIRASISONE | プロジェクションマッピング・3DCG動画制作 | AR・VR制作 | 東京"
"blog-category","https://www.mirasisone.com/blog/categories/クリエイター","/blog/categories/%E3%82%AF%E3%83%AA%E3%82%A8%E3%82%A4%E3%82%BF%E3%83%BC","/blog/categories/%E3%82%AF%E3%83%AA%E3%82%A8%E3%82%A4%E3%82%BF%E3%83%BC","keep-200","2026-02-04","200","クリエイター","","https://www.mirasisone.com/blog/categories/クリエイター","クリエイター","","","MIRASISONE | プロジェクションマッピング・3DCG動画制作 | AR・VR制作 | 東京"
"blog-category","https://www.mirasisone.com/blog/categories/プロジェクションマッピング","/blog/categories/%E3%83%97%E3%83%AD%E3%82%B8%E3%82%A7%E3%82%AF%E3%82%B7%E3%83%A7%E3%83%B3%E3%83%9E%E3%83%83%E3%83%94%E3%83%B3%E3%82%B0","/blog/categories/%E3%83%97%E3%83%AD%E3%82%B8%E3%82%A7%E3%82%AF%E3%82%B7%E3%83%A7%E3%83%B3%E3%83%9E%E3%83%83%E3%83%94%E3%83%B3%E3%82%B0","keep-200","2026-07-30","200","プロジェクションマッピング","","https://www.mirasisone.com/blog/categories/プロジェクションマッピング","プロジェクションマッピング","","","MIRASISONE | プロジェクションマッピング・3DCG動画制作 | AR・VR制作 | 東京"
"blog-post","https://www.mirasisone.com/post/店舗内プロジェクションマッピングとは？導入メリットと成功事例を紹介","/post/%E5%BA%97%E8%88%97%E5%86%85%E3%83%97%E3%83%AD%E3%82%B8%E3%82%A7%E3%82%AF%E3%82%B7%E3%83%A7%E3%83%B3%E3%83%9E%E3%83%83%E3%83%94%E3%83%B3%E3%82%B0%E3%81%A8%E3%81%AF%EF%BC%9F%E5%B0%8E%E5%85%A5%E3%83%A1%E3%83%AA%E3%83%83%E3%83%88%E3%81%A8%E6%88%90%E5%8A%9F%E4%BA%8B%E4%BE%8B%E3%82%92%E7%B4%B9%E4%BB%8B","/post/%E5%BA%97%E8%88%97%E5%86%85%E3%83%97%E3%83%AD%E3%82%B8%E3%82%A7%E3%82%AF%E3%82%B7%E3%83%A7%E3%83%B3%E3%83%9E%E3%83%83%E3%83%94%E3%83%B3%E3%82%B0%E3%81%A8%E3%81%AF%EF%BC%9F%E5%B0%8E%E5%85%A5%E3%83%A1%E3%83%AA%E3%83%83%E3%83%88%E3%81%A8%E6%88%90%E5%8A%9F%E4%BA%8B%E4%BE%8B%E3%82%92%E7%B4%B9%E4%BB%8B","keep-200","2025-10-20","200","店舗内プロジェクションマッピングとは？導入メリットと成功事例を紹介","","https://www.mirasisone.com/post/店舗内プロジェクションマッピングとは？導入メリットと成功事例を紹介","店舗内プロジェクションマッピングとは？導入メリットと成功事例を紹介","【導入】空間演出は「内装」から「体験」へお店の“雰囲気づくり”といえば、これまで多くの人が「内装デザイン」や「照明」を思い浮かべてきました。しかし近年、SNSを中心に“映える空間体験”が来店動機になる時代へと変化しています。その中で注目を集めているのが、「店舗内プロジェクションマッピング」。壁や天井、テーブルにまで映像を投影し、空間全体で世界観を表現する演出手法です。「普通の店では体験できない特別な時間」を演出し、リピーターやSNSでの話題づくりに繋がります。【店舗内プロジェクションマッピングとは】店舗内プロジェクションマッピングとは、店内の壁・床・天井・テーブルなどをスクリーンに見立て、空間全体を映像でデザインする演出手法のことです。屋外の大規模なマッピングと違い、常設設置が可能で、比較的低コストに導入できるのが特徴。また、照明演出やインテリアとの調和も図れるため、店舗デザインの一部として“自然に映像を馴染ませる”ことができます。MIRASISONEでは、店舗コンセプトや導線設計を踏まえた映像演出を設計。ただ映すだけでなく、“空間の一部として成立する映像体験”を提案しています。【導入","https://static.wixstatic.com/media/abf8a7_ddca93d365ab4dd3967b95201f1b7c91~mv2.png/v1/fill/w_1000,h_523,al_c,q_90,usm_0.66_1.00_0.01/abf8a7_ddca93d365ab4dd3967b95201f1b7c91~mv2.png","MIRASISONE | プロジェクションマッピング・3DCG動画制作 | AR・VR制作 | 東京"
"blog-post","https://www.mirasisone.com/post/【nft鳴門美術館】日本発の画期的な技法とバーチャル映像が融合！mirasisoneが地域活性化を目指す特別展「アール・グラージュ特別展示会」でマッピングを披露しました","/post/%E3%80%90nft%E9%B3%B4%E9%96%80%E7%BE%8E%E8%A1%93%E9%A4%A8%E3%80%91%E6%97%A5%E6%9C%AC%E7%99%BA%E3%81%AE%E7%94%BB%E6%9C%9F%E7%9A%84%E3%81%AA%E6%8A%80%E6%B3%95%E3%81%A8%E3%83%90%E3%83%BC%E3%83%81%E3%83%A3%E3%83%AB%E6%98%A0%E5%83%8F%E3%81%8C%E8%9E%8D%E5%90%88%EF%BC%81mirasisone%E3%81%8C%E5%9C%B0%E5%9F%9F%E6%B4%BB%E6%80%A7%E5%8C%96%E3%82%92%E7%9B%AE%E6%8C%87%E3%81%99%E7%89%B9%E5%88%A5%E5%B1%95%E3%80%8C%E3%82%A2%E3%83%BC%E3%83%AB%E3%83%BB%E3%82%B0%E3%83%A9%E3%83%BC%E3%82%B8%E3%83%A5%E7%89%B9%E5%88%A5%E5%B1%95%E7%A4%BA%E4%BC%9A%E3%80%8D%E3%81%A7%E3%83%9E%E3%83%83%E3%83%94%E3%83%B3%E3%82%B0%E3%82%92%E6%8A%AB%E9%9C%B2%E3%81%97%E3%81%BE%E3%81%97%E3%81%9F","/post/%E3%80%90nft%E9%B3%B4%E9%96%80%E7%BE%8E%E8%A1%93%E9%A4%A8%E3%80%91%E6%97%A5%E6%9C%AC%E7%99%BA%E3%81%AE%E7%94%BB%E6%9C%9F%E7%9A%84%E3%81%AA%E6%8A%80%E6%B3%95%E3%81%A8%E3%83%90%E3%83%BC%E3%83%81%E3%83%A3%E3%83%AB%E6%98%A0%E5%83%8F%E3%81%8C%E8%9E%8D%E5%90%88%EF%BC%81mirasisone%E3%81%8C%E5%9C%B0%E5%9F%9F%E6%B4%BB%E6%80%A7%E5%8C%96%E3%82%92%E7%9B%AE%E6%8C%87%E3%81%99%E7%89%B9%E5%88%A5%E5%B1%95%E3%80%8C%E3%82%A2%E3%83%BC%E3%83%AB%E3%83%BB%E3%82%B0%E3%83%A9%E3%83%BC%E3%82%B8%E3%83%A5%E7%89%B9%E5%88%A5%E5%B1%95%E7%A4%BA%E4%BC%9A%E3%80%8D%E3%81%A7%E3%83%9E%E3%83%83%E3%83%94%E3%83%B3%E3%82%B0%E3%82%92%E6%8A%AB%E9%9C%B2%E3%81%97%E3%81%BE%E3%81%97%E3%81%9F","keep-200","2024-08-28","200","【NFT鳴門美術館】日本発の画期的な技法とバーチャル映像が融合！MIRASISONEが地域活性化を目指す特別展「アール・グラージュ特別展示会」でマッピングを披露しました","","https://www.mirasisone.com/post/【nft鳴門美術館】日本発の画期的な技法とバーチャル映像が融合！mirasisoneが地域活性化を目指す特別展「アール・グラージュ特別展示会」でマッピングを披露しました","【NFT鳴門美術館】日本発の画期的な技法とバーチャル映像が融合！MIRASISONEが地域活性化を目指す特別展「アール・グラージュ特別展示会」でマッピングを披露しました","徳島県鳴門市にあるNFT鳴門美術館で、特別展覧会「アール・グラージュ特別展覧会」が開催されました。会場では、アルフォンス・ミュシャの絵画と映像の世界や長野剛の歴史人物イラストレーションなど、さまざまな体感ブースが設置されました。株式会社MIRASISONEから選ばれた少数精鋭のプロジェクションマッピングチーム「Magic the Light(マジック ザ ライト)」は、この特別展覧会の一環として、アートマッピングの実現を担当し、裸眼3D映像、プロジェクションマッピング、AR/VRコンテンツの制作を行い、来場者に従来の美術展覧会とは異なるインタラクティブなアート体験を提供しました。【アートマッピング】NFT鳴門美術館「アール・グラージュ特別展覧会」 -MIRASISONENFT鳴門美術館とはNFT鳴門美術館は、鳴門から新しいアートの世界を発信し続ける美術館。鳴門海峡の渦潮をモチーフにした「国生み神話」を展開しています。この特別展覧会は、世界 49 ヶ国で特許を取得している画期的なアートの技法を用いた作品であり、創始者であり総合芸術プロデューサーでもある仲埜和男氏の協力のもとで実現しました","https://static.wixstatic.com/media/abf8a7_f4ca0d28be9b486987eec42f59b51697~mv2.png/v1/fill/w_1000,h_523,al_c,q_90,usm_0.66_1.00_0.01/abf8a7_f4ca0d28be9b486987eec42f59b51697~mv2.png","MIRASISONE | プロジェクションマッピング・3DCG動画制作 | AR・VR制作 | 東京"
"blog-post","https://www.mirasisone.com/post/焼肉レストランにプロジェクションマッピング導入！一日一組限定の個室が非現実空間に変化","/post/%E7%84%BC%E8%82%89%E3%83%AC%E3%82%B9%E3%83%88%E3%83%A9%E3%83%B3%E3%81%AB%E3%83%97%E3%83%AD%E3%82%B8%E3%82%A7%E3%82%AF%E3%82%B7%E3%83%A7%E3%83%B3%E3%83%9E%E3%83%83%E3%83%94%E3%83%B3%E3%82%B0%E5%B0%8E%E5%85%A5%EF%BC%81%E4%B8%80%E6%97%A5%E4%B8%80%E7%B5%84%E9%99%90%E5%AE%9A%E3%81%AE%E5%80%8B%E5%AE%A4%E3%81%8C%E9%9D%9E%E7%8F%BE%E5%AE%9F%E7%A9%BA%E9%96%93%E3%81%AB%E5%A4%89%E5%8C%96","/post/%E7%84%BC%E8%82%89%E3%83%AC%E3%82%B9%E3%83%88%E3%83%A9%E3%83%B3%E3%81%AB%E3%83%97%E3%83%AD%E3%82%B8%E3%82%A7%E3%82%AF%E3%82%B7%E3%83%A7%E3%83%B3%E3%83%9E%E3%83%83%E3%83%94%E3%83%B3%E3%82%B0%E5%B0%8E%E5%85%A5%EF%BC%81%E4%B8%80%E6%97%A5%E4%B8%80%E7%B5%84%E9%99%90%E5%AE%9A%E3%81%AE%E5%80%8B%E5%AE%A4%E3%81%8C%E9%9D%9E%E7%8F%BE%E5%AE%9F%E7%A9%BA%E9%96%93%E3%81%AB%E5%A4%89%E5%8C%96","keep-200","2025-08-30","200","焼肉レストランにプロジェクションマッピング導入！一日一組限定の個室が非現実空間に変化","","https://www.mirasisone.com/post/焼肉レストランにプロジェクションマッピング導入！一日一組限定の個室が非現実空間に変化","焼肉レストランにプロジェクションマッピング導入！一日一組限定の個室が非現実空間に変化","NEWオープンの焼肉店で、MIRASISONEのプロジェクションマッピングを導入しました。一日一組限定の個室で非現実的な空間を演出し、来店したお客さまに特別な体験を提供。改装前の普通の空間がどのように変化したのか、写真や舞台裏の様子とともに紹介します。1. 導入の背景・目的今回の焼肉店では、以下の目的でプロジェクションマッピングを導入しました • 一日一組限定の個室で非現実空間を演出 • テーブル上で特別な体験を提供 • SNS拡散やリピート率の向上2. 改装前の空間紹介改装前はお洒落な空間ではあるものの特別感がある空間ではありませんでした。3. 導入の流れ（舞台裏）打ち合わせ・プラン設計 • 投影面や広さを確認 • 最適な映像演出プランを決定 プロジェクター設置・投影テスト • 角度や明るさを調整 • 映像の精度を確認 設営中の舞台裏 • スタッフが細かく位置調整 • 映像チェックの様子を写真で公開 4. 導入している様子改装後、プロジェクションマッピングってどう導入しているの？気になったことはありませんか？一部分ですがこのように導入作業をしています。【導入映像】-MIR","https://static.wixstatic.com/media/abf8a7_2fdcdcb102c14823a14392e3d7e9fc45~mv2.png/v1/fill/w_1000,h_523,al_c,q_90,usm_0.66_1.00_0.01/abf8a7_2fdcdcb102c14823a14392e3d7e9fc45~mv2.png","MIRASISONE | プロジェクションマッピング・3DCG動画制作 | AR・VR制作 | 東京"
"blog-post","https://www.mirasisone.com/post/新宿シーシャバー-幻想的映像でアップグレード。プロジェクションマッピングが創る-体験空間","/post/%E6%96%B0%E5%AE%BF%E3%82%B7%E3%83%BC%E3%82%B7%E3%83%A3%E3%83%90%E3%83%BC-%E5%B9%BB%E6%83%B3%E7%9A%84%E6%98%A0%E5%83%8F%E3%81%A7%E3%82%A2%E3%83%83%E3%83%97%E3%82%B0%E3%83%AC%E3%83%BC%E3%83%89%E3%80%82%E3%83%97%E3%83%AD%E3%82%B8%E3%82%A7%E3%82%AF%E3%82%B7%E3%83%A7%E3%83%B3%E3%83%9E%E3%83%83%E3%83%94%E3%83%B3%E3%82%B0%E3%81%8C%E5%89%B5%E3%82%8B-%E4%BD%93%E9%A8%93%E7%A9%BA%E9%96%93","/post/%E6%96%B0%E5%AE%BF%E3%82%B7%E3%83%BC%E3%82%B7%E3%83%A3%E3%83%90%E3%83%BC-%E5%B9%BB%E6%83%B3%E7%9A%84%E6%98%A0%E5%83%8F%E3%81%A7%E3%82%A2%E3%83%83%E3%83%97%E3%82%B0%E3%83%AC%E3%83%BC%E3%83%89%E3%80%82%E3%83%97%E3%83%AD%E3%82%B8%E3%82%A7%E3%82%AF%E3%82%B7%E3%83%A7%E3%83%B3%E3%83%9E%E3%83%83%E3%83%94%E3%83%B3%E3%82%B0%E3%81%8C%E5%89%B5%E3%82%8B-%E4%BD%93%E9%A8%93%E7%A9%BA%E9%96%93","keep-200","2025-07-31","200","新宿シーシャバー｜幻想的映像でアップグレード。プロジェクションマッピングが創る“体験空間”","","https://www.mirasisone.com/post/新宿シーシャバー-幻想的映像でアップグレード。プロジェクションマッピングが創る-体験空間","新宿シーシャバー｜幻想的映像でアップグレード。プロジェクションマッピングが創る“体験空間”","1. 新宿シーシャバー演出｜プロジェクションマッピングとは新宿にあるSHISHA CAFE & BAR FREAKS（フリークス）にて、プロジェクションマッピングを活用した空間演出を手掛けています。ただシーシャを楽しむだけではなく、“その空間で過ごす体験”自体を特別なものに変える演出です。【店舗概要】🔗 公式HPはこちら「SHISHA CAFE & BAR FREAKS」は、新宿で昼夜問わず楽しめるシーシャカフェ＆バー。シーシャだけでなく、ドリンクやスイーツを楽しめます。落ち着いた雰囲気で、シーシャ初心者から上級者まで楽しめるメニューと空間が特徴です。しかしただのシーシャバーではありません。2. 前回演出「四季」→「星空⭐️ランタン」へアップグレード前回は、四季をテーマに • 春の桜吹雪 • 夏の一面に広がる花火 • 秋のハロウィン演出 • 冬の雪景色 • といった、日本の移ろいを感じる演出でした。今回は、現実を忘れるような新映像にアップグレード。✅ 天井から広がる満天の星空✅ 柔らかく揺れるランタンの光✅ シーシャの煙と映像が一体化空間全体が幻想的に包まれ、お客様からも「まるで異世","https://static.wixstatic.com/media/abf8a7_df359d3ee18848fab2494cb56e38cde7~mv2.png/v1/fill/w_1000,h_523,al_c,q_90,usm_0.66_1.00_0.01/abf8a7_df359d3ee18848fab2494cb56e38cde7~mv2.png","MIRASISONE | プロジェクションマッピング・3DCG動画制作 | AR・VR制作 | 東京"
"blog-post","https://www.mirasisone.com/post/projection-mapping-seisaku-cost","/post/projection-mapping-seisaku-cost","/post/projection-mapping-seisaku-cost","keep-200","2026-05-07","200","プロジェクションマッピング制作の費用｜規模別・用途別の相場","プロジェクションマッピング制作の費用を規模別・用途別に解説。小規模80万〜、ホテル・商業施設は300万円〜が目安。内訳・失敗しない会社選びのポイントまで。","https://www.mirasisone.com/post/projection-mapping-seisaku-cost","プロジェクションマッピング制作の費用｜規模別・用途別の相場","プロジェクションマッピングの制作費用、規模別・用途別にまとめました。小規模80万〜、ホテル・商業施設は300万円〜が目安。「安い会社」を選ぶと""映像は綺麗なのに合わない""という失敗が起きる理由も解説しています。","https://static.wixstatic.com/media/abf8a7_3ffb56127781405eb46b9d0e200b3aba~mv2.png/v1/fill/w_1000,h_523,al_c,q_90,usm_0.66_1.00_0.01/abf8a7_3ffb56127781405eb46b9d0e200b3aba~mv2.png","MIRASISONE | プロジェクションマッピング・3DCG動画制作 | AR・VR制作 | 東京"
"blog-post","https://www.mirasisone.com/post/sauna-japon-projection-mapping","/post/sauna-japon-projection-mapping","/post/sauna-japon-projection-mapping","keep-200","2025-12-15","200","サウナの整い体験を進化させる映像演出｜SAUNA JAPON導入事例","SAUNA JAPONの内気浴スペースにプロジェクションマッピングを導入。整いの時間に寄り添う映像演出で、サウナ体験の質を静かに高める空間づくりをご紹介します。","https://www.mirasisone.com/post/sauna-japon-projection-mapping","サウナの整い体験を進化させる映像演出｜SAUNA JAPON導入事例","サウナ後の「整い」の時間を、より深い体験へ。 SAUNA JAPONの内気浴スペースに導入したプロジェクションマッピング演出は、空間に溶け込む映像で、静かな没入感を生み出します。","https://static.wixstatic.com/media/abf8a7_8112ad0efc3f4301b094e28c94d0748f~mv2.png/v1/fill/w_1000,h_523,al_c,q_90,usm_0.66_1.00_0.01/abf8a7_8112ad0efc3f4301b094e28c94d0748f~mv2.png","MIRASISONE | プロジェクションマッピング・3DCG動画制作 | AR・VR制作 | 東京"
"blog-post","https://www.mirasisone.com/post/【映像あり】-空間が動き出す瞬間-プロジェクションマッピングで創る新しい体験","/post/%E3%80%90%E6%98%A0%E5%83%8F%E3%81%82%E3%82%8A%E3%80%91-%E7%A9%BA%E9%96%93%E3%81%8C%E5%8B%95%E3%81%8D%E5%87%BA%E3%81%99%E7%9E%AC%E9%96%93-%E3%83%97%E3%83%AD%E3%82%B8%E3%82%A7%E3%82%AF%E3%82%B7%E3%83%A7%E3%83%B3%E3%83%9E%E3%83%83%E3%83%94%E3%83%B3%E3%82%B0%E3%81%A7%E5%89%B5%E3%82%8B%E6%96%B0%E3%81%97%E3%81%84%E4%BD%93%E9%A8%93","/post/%E3%80%90%E6%98%A0%E5%83%8F%E3%81%82%E3%82%8A%E3%80%91-%E7%A9%BA%E9%96%93%E3%81%8C%E5%8B%95%E3%81%8D%E5%87%BA%E3%81%99%E7%9E%AC%E9%96%93-%E3%83%97%E3%83%AD%E3%82%B8%E3%82%A7%E3%82%AF%E3%82%B7%E3%83%A7%E3%83%B3%E3%83%9E%E3%83%83%E3%83%94%E3%83%B3%E3%82%B0%E3%81%A7%E5%89%B5%E3%82%8B%E6%96%B0%E3%81%97%E3%81%84%E4%BD%93%E9%A8%93","keep-200","2025-09-04","200","【映像あり】 空間が動き出す瞬間 – プロジェクションマッピングで創る新しい体験","","https://www.mirasisone.com/post/【映像あり】-空間が動き出す瞬間-プロジェクションマッピングで創る新しい体験","【映像あり】 空間が動き出す瞬間 – プロジェクションマッピングで創る新しい体験","1. 空間が動き出す――その瞬間を体験したことはありますか？あなたが座ったテーブルに、花が咲き、蝶が舞い、やがて夜空が広がる…。これはCGや映画の中ではなく、実際にその場で起きる出来事です。プロジェクションマッピングは、建物や壁、テーブルといった現実の空間に映像を重ね合わせ、まるで空間が生きているかのような錯覚を生み出す技術。光と映像が空間に命を吹き込み、五感を刺激する体験をつくり出します。2. 事例紹介① テーブルの上で小人が動き回る――物語と料理が融合する体験都内の某レストランでは、テーブルの上に小人たちが料理を作ったり、運んだりする映像演出を導入しました。来店客の目の前で、小さな鍋から湯気が立ち、パンを焼く小人やスープを運ぶ小人たちが動き回ります。この演出は、料理の提供タイミングに合わせてストーリーが展開されるため、一皿ごとに異なる物語が楽しめます。ゲストは自然とスマホを取り出し、その可愛らしい世界を動画に収め、SNSで共有します。【プロジェクションマッピング】 Whitely 渋谷 -MIRASISONE3. 事例紹介② 都心で味わう、非現実の没入空間都内のシーシャバーでは、壁","https://static.wixstatic.com/media/abf8a7_4472b94d3f824d9184fa79cabffa81ab~mv2.png/v1/fill/w_1000,h_523,al_c,q_90,usm_0.66_1.00_0.01/abf8a7_4472b94d3f824d9184fa79cabffa81ab~mv2.png","MIRASISONE | プロジェクションマッピング・3DCG動画制作 | AR・VR制作 | 東京"
"blog-post","https://www.mirasisone.com/post/美しさ-を可視化する-美容業界-映像制作の新提案。3dcgで広がる表現の可能性","/post/%E7%BE%8E%E3%81%97%E3%81%95-%E3%82%92%E5%8F%AF%E8%A6%96%E5%8C%96%E3%81%99%E3%82%8B-%E7%BE%8E%E5%AE%B9%E6%A5%AD%E7%95%8C-%E6%98%A0%E5%83%8F%E5%88%B6%E4%BD%9C%E3%81%AE%E6%96%B0%E6%8F%90%E6%A1%88%E3%80%823dcg%E3%81%A7%E5%BA%83%E3%81%8C%E3%82%8B%E8%A1%A8%E7%8F%BE%E3%81%AE%E5%8F%AF%E8%83%BD%E6%80%A7","/post/%E7%BE%8E%E3%81%97%E3%81%95-%E3%82%92%E5%8F%AF%E8%A6%96%E5%8C%96%E3%81%99%E3%82%8B-%E7%BE%8E%E5%AE%B9%E6%A5%AD%E7%95%8C-%E6%98%A0%E5%83%8F%E5%88%B6%E4%BD%9C%E3%81%AE%E6%96%B0%E6%8F%90%E6%A1%88%E3%80%823dcg%E3%81%A7%E5%BA%83%E3%81%8C%E3%82%8B%E8%A1%A8%E7%8F%BE%E3%81%AE%E5%8F%AF%E8%83%BD%E6%80%A7","keep-200","2025-05-15","200","“美しさ”を可視化する——美容業界×映像制作の新提案。3DCGで広がる表現の可能性","","https://www.mirasisone.com/post/美しさ-を可視化する-美容業界-映像制作の新提案。3dcgで広がる表現の可能性","“美しさ”を可視化する——美容業界×映像制作の新提案。3DCGで広がる表現の可能性","美容やファッションの世界では、「映像の世界観」がブランドの印象を大きく左右します。SNSや店頭、イベントなど、映像の出番が増えている今こそ、“美しさ”をどう映像で伝えるかが鍵になります。私たちMIRASISONEでは、実写では難しい繊細な質感や透明感を、3DCGを使ってリアルに再現することに挑戦しています。▷ 実写を超える“リアル”を、3DCGで。こちらは美容CM風に制作した3DCG映像の一例です。ブラシの立体感、光のグラデーション、空気感。これらを1から設計できるのが、3DCGならではの強みです。▷ 美容プロモーションの幅が広がる理由作った映像は、さまざまな場所で活用できます。 • SNS広告や投稿 • 店舗内ディスプレイ • 展示会・サロンイベントの背景映像 • プロジェクションマッピング など「伝えたい世界観」を、そのまま空間に広げることも可能です。映像は単なるプロダクト紹介ではなく、“ブランド体験”そのものになります。▷ 他クリエイターとの共創で、表現はさらに豊かにMIRASISONEでは外部クリエイターとも連携し、多彩な映像を展開しています。美容アイテムをPRする際に、ただの","https://static.wixstatic.com/media/abf8a7_fd17c5ef56db4c56b866c0ffce22c78b~mv2.png/v1/fill/w_1000,h_523,al_c,q_90,usm_0.66_1.00_0.01/abf8a7_fd17c5ef56db4c56b866c0ffce22c78b~mv2.png","MIRASISONE | プロジェクションマッピング・3DCG動画制作 | AR・VR制作 | 東京"
"blog-post","https://www.mirasisone.com/post/3dcg-video-production-guide","/post/3dcg-video-production-guide","/post/3dcg-video-production-guide","keep-200","2026-07-13","200","3DCG映像制作とは｜用途・費用・制作の流れ解説","3DCG映像制作の仕組み・活用シーン・費用相場・制作フローを解説。プロジェクションマッピング・企業PR・デジタルサイネージの映像を自社内製するMIRASISONE監修。","https://www.mirasisone.com/post/3dcg-video-production-guide","3DCG映像制作とは｜用途・費用・制作の流れ解説","3DCG映像制作の仕組み・活用シーンを解説。プロジェクションマッピング・企業PR・デジタルサイネージでの活用法と、費用目安30万〜500万円・制作フローをMIRASISONEが公開。","https://static.wixstatic.com/media/abf8a7_442a536ab319456098de71b2f3227e88~mv2.png/v1/fill/w_1000,h_563,al_c,q_90,usm_0.66_1.00_0.01/abf8a7_442a536ab319456098de71b2f3227e88~mv2.png","MIRASISONE | プロジェクションマッピング・3DCG動画制作 | AR・VR制作 | 東京"
"blog-post","https://www.mirasisone.com/post/マッピングとは？プロジェクションマッピングの仕組みを初心者向けに解説","/post/%E3%83%9E%E3%83%83%E3%83%94%E3%83%B3%E3%82%B0%E3%81%A8%E3%81%AF%EF%BC%9F%E3%83%97%E3%83%AD%E3%82%B8%E3%82%A7%E3%82%AF%E3%82%B7%E3%83%A7%E3%83%B3%E3%83%9E%E3%83%83%E3%83%94%E3%83%B3%E3%82%B0%E3%81%AE%E4%BB%95%E7%B5%84%E3%81%BF%E3%82%92%E5%88%9D%E5%BF%83%E8%80%85%E5%90%91%E3%81%91%E3%81%AB%E8%A7%A3%E8%AA%AC","/post/%E3%83%9E%E3%83%83%E3%83%94%E3%83%B3%E3%82%B0%E3%81%A8%E3%81%AF%EF%BC%9F%E3%83%97%E3%83%AD%E3%82%B8%E3%82%A7%E3%82%AF%E3%82%B7%E3%83%A7%E3%83%B3%E3%83%9E%E3%83%83%E3%83%94%E3%83%B3%E3%82%B0%E3%81%AE%E4%BB%95%E7%B5%84%E3%81%BF%E3%82%92%E5%88%9D%E5%BF%83%E8%80%85%E5%90%91%E3%81%91%E3%81%AB%E8%A7%A3%E8%AA%AC","keep-200","2026-07-30","200","マッピングとは？プロジェクションマッピングの仕組み解説","マッピング（プロジェクションマッピング）の仕組み・活用シーン・費用目安を初心者向けに解説。飲食店・ホテル・屋外イベントでの活用法をMIRASISONE監修。","https://www.mirasisone.com/post/マッピングとは？プロジェクションマッピングの仕組みを初心者向けに解説","マッピングとは？プロジェクションマッピングの仕組み解説","マッピング（プロジェクションマッピング）の仕組みを初心者向けに解説。投影面の測定→映像制作→投影→微調整の4ステップと、飲食店・ホテル・屋外イベントでの活用シーン・費用目安を網羅。","https://static.wixstatic.com/media/abf8a7_874ef6a1ef7b40ae994e480609af80ed~mv2.png/v1/fill/w_1000,h_563,al_c,q_90,usm_0.66_1.00_0.01/abf8a7_874ef6a1ef7b40ae994e480609af80ed~mv2.png","MIRASISONE | プロジェクションマッピング・3DCG動画制作 | AR・VR制作 | 東京"
"blog-post","https://www.mirasisone.com/post/restaurant-projection-mapping-failure-guide","/post/restaurant-projection-mapping-failure-guide","/post/restaurant-projection-mapping-failure-guide","keep-200","2026-03-23","200","飲食店プロジェクションマッピングで失敗しない｜適性診断と費用シミュレーション【2026年版】","飲食店でプロジェクションマッピング導入を検討中の方へ。失敗パターン5選、適性診断、席数別の費用シミュレーションまで徹底解説。導入前に必読の完全ガイド。","https://www.mirasisone.com/post/restaurant-projection-mapping-failure-guide","飲食店プロジェクションマッピングで失敗しない｜適性診断と費用シミュレーション【2026年版】","飲食店のプロジェクションマッピング導入で失敗しないための完全ガイド。よくある失敗パターン5選、適性診断、席数別の費用シミュレーションまで実務目線で徹底解説します。","https://static.wixstatic.com/media/abf8a7_bf16651b52074c9ab87891411c29c846~mv2.png/v1/fill/w_1000,h_523,al_c,q_90,usm_0.66_1.00_0.01/abf8a7_bf16651b52074c9ab87891411c29c846~mv2.png","MIRASISONE | プロジェクションマッピング・3DCG動画制作 | AR・VR制作 | 東京"
"blog-post","https://www.mirasisone.com/post/projection-mapping-tokyo","/post/projection-mapping-tokyo","/post/projection-mapping-tokyo","keep-200","2026-05-11","200","東京のプロジェクションマッピング｜費用相場と会社の選び方","東京のプロジェクションマッピング費用相場と会社の選び方を解説。商業施設300万〜、ホテル250万〜が目安。企画設計から入れる会社を選ぶべき理由も。","https://www.mirasisone.com/post/projection-mapping-tokyo","東京のプロジェクションマッピング｜費用相場と会社の選び方","東京は国内最大のプロジェクションマッピング市場です。商業施設・ホテル・屋外イベント・企業PR——さまざまな場面で需要がありますが、会社によって「得意なこと」が大きく異なるため、選び方を間違えると後悔することになります。本記事では、東京での費用相場と、失敗しない会社の選び方を解説します。東京のプロジェクションマッピング市場の特徴① 屋外・大型案件の比率が高い渋谷・六本木・丸の内などの商業エリアでは建物外壁・大型スクリーンへの投影案件が多く、機材スペックと屋外対応力が問われます。② 競争環境が激しい東京の施設・ブランドは「他と同じような演出」では話題になりません。SNSで拡散されるためには、その場所だからこそ成立するストーリーが必要です。③ 企画の上流から議論できる会社が求められている「とりあえず映像を作れる会社」では通用しないケースが増えています。担当者も知識を持つ東京市場では、企画段階から議論できる会社が評価されます。東京でよくある案件タイプと費用相場商業施設エントランス・アトリウム費用目安：200万〜600万円SNS拡散・集客を目的とした演出が主流。吹き抜けの高さや昼間の明るさに対応","https://static.wixstatic.com/media/abf8a7_510dbeb6f04f4769a8523a42a1a0832c~mv2.png/v1/fill/w_1000,h_563,al_c,q_90,usm_0.66_1.00_0.01/abf8a7_510dbeb6f04f4769a8523a42a1a0832c~mv2.png","MIRASISONE | プロジェクションマッピング・3DCG動画制作 | AR・VR制作 | 東京"
